ps: stdin: not a terminal
-- PX4_GIT_TAG: v1.17.0-alpha1-617-g19a108f176
CMake Warning (dev) at CMakeLists.txt:176 (find_package):
  Policy CMP0148 is not set: The FindPythonInterp and FindPythonLibs modules
  are removed.  Run "cmake --help-policy CMP0148" for policy details.  Use
  the cmake_policy command to set the policy and suppress this warning.

This warning is for project developers.  Use -Wno-dev to suppress it.

-- Found PythonInterp: /opt/homebrew/bin/python3 (found suitable version "3.14", minimum required is "3")
-- PX4 config file: /Users/jiangjiashun/PX4/PX4-Autopilot-v6-fast-control-20260923/boards/px4/fmu-v6c/default.px4board
-- PLATFORM nuttx
-- TOOLCHAIN arm-none-eabi
-- ARCHITECTURE cortex-m7
-- ROMFSROOT px4fmu_common
-- IO px4_io-v2_default
-- SERIAL_GPS1 /dev/ttyS0
-- SERIAL_GPS2 /dev/ttyS6
-- SERIAL_TEL1 /dev/ttyS5
-- SERIAL_TEL2 /dev/ttyS3
-- SERIAL_TEL3 /dev/ttyS1
-- ROOT_PATH /fs/microsd
-- PARAM_FILE /fs/mtd_params
-- UAVCAN_INTERFACES 2
-- UAVCAN_TIMER_OVERRIDE 2
-- PWM_FREQ 1000000
-- PX4 config: px4_fmu-v6c_default
-- PX4 platform: nuttx
warning: ARCH_CHIP_UNSET (defined at platforms/nuttx/Kconfig:5) was assigned the value 'y' but got the value 'n' -- check dependencies
-- The CXX compiler identification is GNU 13.2.1
-- The C compiler identification is GNU 13.2.1
-- The ASM compiler identification is GNU
-- Found assembler: /opt/homebrew/bin/arm-none-eabi-gcc
-- Detecting CXX compiler ABI info
-- Detecting CXX compiler ABI info - done
-- Check for working CXX compiler: /opt/homebrew/bin/arm-none-eabi-g++ - skipped
-- Detecting CXX compile features
-- Detecting CXX compile features - done
-- Detecting C compiler ABI info
-- Detecting C compiler ABI info - done
-- Check for working C compiler: /opt/homebrew/bin/arm-none-eabi-gcc - skipped
-- Detecting C compile features
-- Detecting C compile features - done
-- Enabling double FP precision hardware instructions
-- cmake build type: MinSizeRel
-- ccache enabled (export CCACHE_DISABLE=1 to disable)
-- drivers/px4io: ROMFS including px4_io-v2_default
CMake Warning (dev) at src/drivers/uavcan/libdronecan/libuavcan/CMakeLists.txt:24 (find_package):
  Policy CMP0148 is not set: The FindPythonInterp and FindPythonLibs modules
  are removed.  Run "cmake --help-policy CMP0148" for policy details.  Use
  the cmake_policy command to set the policy and suppress this warning.

This warning is for project developers.  Use -Wno-dev to suppress it.

-- Found PythonInterp: /opt/homebrew/bin/python3 (found version "3.14")
-- Release build type: MinSizeRel
-- ROMFS: ROMFS/px4fmu_common
-- ROMFS:  Adding platforms/nuttx/init/stm32h7/rc.board_arch_defaults -> /etc/init.d/rc.board_arch_defaults
-- ROMFS:  Adding boards/px4/fmu-v6c/init/rc.board_defaults -> /etc/init.d/rc.board_defaults
-- ROMFS:  Adding boards/px4/fmu-v6c/init/rc.board_sensors -> /etc/init.d/rc.board_sensors
-- ROMFS:  Adding boards/px4/fmu-v6c/extras/px4_io-v2_default.bin -> /etc/extras/px4_io-v2_default.bin
-- Configuring done (461.2s)
-- Generating done (0.4s)
-- Build files have been written to: /Users/jiangjiashun/PX4/PX4-Autopilot-v6-fast-control-20260923/build/px4_fmu-v6c_default
[0/1188] git submodule src/modules/uxrce_dds_client/Micro-XRCE-DDS-Client
[7/1188] Creating airframes.xml
[8/1188] git submodule src/modules/mavlink/mavlink
[11/1188] Running dsdl compiler
/Users/jiangjiashun/PX4/PX4-Autopilot-v6-fast-control-20260923/src/drivers/uavcan/libdronecan/libuavcan/dsdl_compiler/libuavcan_dsdl_compiler/pyratemp.py:281: SyntaxWarning: "\#" is an invalid escape sequence. Such sequences will not work in the future. Did you mean "\\#"? A raw string is also an option.
  - `LATEX`: replace \#$%&_{}~^
/Users/jiangjiashun/PX4/PX4-Autopilot-v6-fast-control-20260923/src/drivers/uavcan/libdronecan/libuavcan/dsdl_compiler/pydronecan/dronecan/__init__.py:19: UserWarning: pkg_resources is deprecated as an API. See https://setuptools.pypa.io/en/latest/pkg_resources.html. The pkg_resources package is slated for removal as early as 2025-11-30. Refrain from using this package or pin to Setuptools<81.
  import pkg_resources
[12/1188] PX4 UAVCAN dsdl compiler
/Users/jiangjiashun/PX4/PX4-Autopilot-v6-fast-control-20260923/src/drivers/uavcan/libdronecan/libuavcan/dsdl_compiler/pydronecan/dronecan/__init__.py:19: UserWarning: pkg_resources is deprecated as an API. See https://setuptools.pypa.io/en/latest/pkg_resources.html. The pkg_resources package is slated for removal as early as 2025-11-30. Refrain from using this package or pin to Setuptools<81.
  import pkg_resources
[13/1188] Generating uORB json files
[14/1188] git submodule src/drivers/gps/devices
[15/1188] Generating uORB topic headers
[16/1188] git submodule src/drivers/uavcan/libdronecan/dsdl
[18/1188] Generating parameters.xml
[19/1188] git submodule src/drivers/uavcan/libdronecan/libuavcan/dsdl_compiler/pydronecan
[21/1188] Generating Mavlink common: src/modules/mavlink/mavlink/message_definitions/v1.0/common.xml
[22/1188] git submodule platforms/nuttx/NuttX/nuttx
[23/1188] Generating /Users/jiangjiashun/PX4/PX4-Autopilot-v6-fast-control-20260923/platforms/nuttx/NuttX/nuttx/.config
[25/1188] Generating uORB topic ucdr headers
[26/1188] Generating /Users/jiangjiashun/PX4/PX4-Autopilot-v6-fast-control-20260923/platforms/nuttx/NuttX/nuttx/include/nuttx/config.h, /Users/jiangjiashun/PX4/PX4-Autopilot-v6-fast-control-20260923/platforms/nuttx/NuttX/nuttx/include/arch/chip
[27/1188] Building C object src/lib/crc/CMakeFiles/crc.dir/crc.c.obj
[28/1188] Linking C static library src/lib/crc/libcrc.a
[29/1188] Building CXX object src/lib/perf/CMakeFiles/perf.dir/perf_counter.cpp.obj
[30/1188] Building CXX object src/lib/tinybson/CMakeFiles/tinybson.dir/tinybson.cpp.obj
[31/1188] Linking CXX static library src/lib/perf/libperf.a
[32/1188] Creating directories for 'libmicroxrceddsclient_project'
[33/1188] Linking CXX static library src/lib/tinybson/libtinybson.a
[34/1188] No download step for 'libmicroxrceddsclient_project'
[35/1188] No update step for 'libmicroxrceddsclient_project'
[36/1188] Generating px4 event json file from source
[37/1188] Generating nuttx/libs/libxx/libxx.a
[38/1188] Building CXX object src/lib/geo/CMakeFiles/geo.dir/geo.cpp.obj
[39/1188] Generating combined event json file
[40/1188] Generating uORB topic sources
[41/1188] No patch step for 'libmicroxrceddsclient_project'
[42/1188] Linking CXX static library src/lib/geo/libgeo.a
[43/1188] Generating component_general.json and checksums.h
[44/1188] Generating ../romfs_files.tar
[45/1188] Building C object src/lib/version/CMakeFiles/version.dir/version.c.obj
[46/1188] Building CXX object src/lib/world_magnetic_model/CMakeFiles/world_magnetic_model.dir/geo_mag_declination.cpp.obj
[47/1188] Building CXX object src/lib/lat_lon_alt/CMakeFiles/lat_lon_alt.dir/lat_lon_alt.cpp.obj
[48/1188] Linking CXX static library src/lib/lat_lon_alt/liblat_lon_alt.a
[49/1188] Building CXX object src/modules/ekf2/EKF/bias_estimator/CMakeFiles/bias_estimator.dir/bias_estimator.cpp.obj
[50/1188] Building CXX object src/modules/ekf2/EKF/output_predictor/CMakeFiles/output_predictor.dir/output_predictor.cpp.obj
[51/1188] Building CXX object src/modules/ekf2/EKF/yaw_estimator/CMakeFiles/yaw_estimator.dir/EKFGSF_yaw.cpp.obj
[52/1188] Linking C static library src/lib/version/libversion.a
[53/1188] Linking CXX static library src/lib/world_magnetic_model/libworld_magnetic_model.a
[54/1188] Linking CXX static library src/modules/ekf2/EKF/bias_estimator/libbias_estimator.a
[55/1188] Linking CXX static library src/modules/ekf2/EKF/output_predictor/liboutput_predictor.a
[56/1188] ROMFS: copying, generating airframes
[57/1188] ROMFS: copying /Users/jiangjiashun/PX4/PX4-Autopilot-v6-fast-control-20260923/boards/px4/fmu-v6c/extras/px4_io-v2_default.bin
[58/1188] Linking CXX static library src/modules/ekf2/EKF/yaw_estimator/libyaw_estimator.a
[59/1188] ROMFS: copying rc.board_arch_defaults
[60/1188] ROMFS: copying rc.board_defaults
[61/1188] ROMFS: copying rc.board_sensors
[62/1188] ROMFS: copying extras
[63/1188] Building CXX object src/drivers/uavcan/libdronecan/libuavcan/CMakeFiles/uavcan.dir/src/marshal/uc_bit_array_copy.cpp.obj
[64/1188] Building CXX object src/drivers/uavcan/libdronecan/libuavcan/CMakeFiles/uavcan.dir/src/driver/uc_can.cpp.obj
[65/1188] Building CXX object src/drivers/uavcan/libdronecan/libuavcan/CMakeFiles/uavcan.dir/src/marshal/uc_float_spec.cpp.obj
[66/1188] Building CXX object src/drivers/uavcan/libdronecan/libuavcan/CMakeFiles/uavcan.dir/src/marshal/uc_bit_stream.cpp.obj
[67/1188] Performing configure step for 'libmicroxrceddsclient_project'
[68/1188] Building CXX object src/drivers/uavcan/libdronecan/libuavcan/CMakeFiles/uavcan.dir/src/marshal/uc_scalar_codec.cpp.obj
[69/1188] Building CXX object src/drivers/uavcan/libdronecan/libuavcan/CMakeFiles/uavcan.dir/src/node/uc_generic_publisher.cpp.obj
[70/1188] Building CXX object src/drivers/uavcan/libdronecan/libuavcan/CMakeFiles/uavcan.dir/src/node/uc_generic_subscriber.cpp.obj
[71/1188] Building CXX object src/drivers/uavcan/libdronecan/libuavcan/CMakeFiles/uavcan.dir/src/node/uc_global_data_type_registry.cpp.obj
[72/1188] Building CXX object src/drivers/uavcan/libdronecan/libuavcan/CMakeFiles/uavcan.dir/src/node/uc_scheduler.cpp.obj
[73/1188] Building CXX object src/drivers/uavcan/libdronecan/libuavcan/CMakeFiles/uavcan.dir/src/node/uc_timer.cpp.obj
[74/1188] Building CXX object src/drivers/uavcan/libdronecan/libuavcan/CMakeFiles/uavcan.dir/src/node/uc_service_client.cpp.obj
[75/1188] Building CXX object src/drivers/uavcan/libdronecan/libuavcan/CMakeFiles/uavcan.dir/src/protocol/uc_dynamic_node_id_client.cpp.obj
[76/1188] Building CXX object src/drivers/uavcan/libdronecan/libuavcan/CMakeFiles/uavcan.dir/src/protocol/uc_node_status_provider.cpp.obj
[77/1188] Building CXX object src/drivers/uavcan/libdronecan/libuavcan/CMakeFiles/uavcan.dir/src/transport/uc_can_acceptance_filter_configurator.cpp.obj
[78/1188] Building CXX object src/drivers/uavcan/libdronecan/libuavcan/CMakeFiles/uavcan.dir/src/transport/uc_crc.cpp.obj
[79/1188] Building CXX object src/drivers/uavcan/libdronecan/libuavcan/CMakeFiles/uavcan.dir/src/transport/uc_can_io.cpp.obj
[80/1188] Building CXX object src/drivers/uavcan/libdronecan/libuavcan/CMakeFiles/uavcan.dir/src/transport/uc_dispatcher.cpp.obj
[81/1188] Building CXX object src/drivers/uavcan/libdronecan/libuavcan/CMakeFiles/uavcan.dir/src/transport/uc_frame.cpp.obj
[82/1188] Building CXX object src/drivers/uavcan/libdronecan/libuavcan/CMakeFiles/uavcan.dir/src/transport/uc_transfer.cpp.obj
[83/1188] Building CXX object src/drivers/uavcan/libdronecan/libuavcan/CMakeFiles/uavcan.dir/src/transport/uc_outgoing_transfer_registry.cpp.obj
[84/1188] Building CXX object src/drivers/uavcan/libdronecan/libuavcan/CMakeFiles/uavcan.dir/src/transport/uc_transfer_buffer.cpp.obj
[85/1188] Building CXX object src/drivers/uavcan/libdronecan/libuavcan/CMakeFiles/uavcan.dir/src/transport/uc_transfer_listener.cpp.obj
[86/1188] Building CXX object src/drivers/uavcan/libdronecan/libuavcan/CMakeFiles/uavcan.dir/src/transport/uc_transfer_receiver.cpp.obj
[87/1188] Building CXX object src/drivers/uavcan/libdronecan/libuavcan/CMakeFiles/uavcan.dir/src/transport/uc_transfer_sender.cpp.obj
[88/1188] Building CXX object src/drivers/uavcan/libdronecan/libuavcan/CMakeFiles/uavcan.dir/src/uc_data_type.cpp.obj
[89/1188] Building CXX object src/drivers/uavcan/libdronecan/libuavcan/CMakeFiles/uavcan.dir/src/uc_dynamic_memory.cpp.obj
[90/1188] Building CXX object src/drivers/uavcan/libdronecan/libuavcan/CMakeFiles/uavcan.dir/src/uc_error.cpp.obj
[91/1188] Building CXX object src/modules/commander/ModeUtil/CMakeFiles/mode_util.dir/control_mode.cpp.obj
[92/1188] Building CXX object src/modules/commander/ModeUtil/CMakeFiles/mode_util.dir/mode_requirements.cpp.obj
[93/1188] ROMFS: pruning
[94/1188] Generating ../gencromfs
[95/1188] Building CXX object src/drivers/actuators/vertiq_io/CMakeFiles/iq_communication.dir/iq-module-communication-cpp/src/generic_interface.cpp.obj
[96/1188] Building CXX object src/drivers/actuators/vertiq_io/CMakeFiles/iq_communication.dir/iq-module-communication-cpp/inc/client_communication.cpp.obj
[97/1188] Building C object src/drivers/actuators/vertiq_io/CMakeFiles/iq_communication.dir/iq-module-communication-cpp/src/packet_finder.c.obj
[98/1188] Building C object src/drivers/actuators/vertiq_io/CMakeFiles/iq_communication.dir/iq-module-communication-cpp/src/crc_helper.c.obj
[99/1188] Building C object src/drivers/actuators/vertiq_io/CMakeFiles/iq_communication.dir/iq-module-communication-cpp/src/byte_queue.c.obj
[100/1188] Building CXX object src/lib/wind_estimator/CMakeFiles/wind_estimator.dir/WindEstimator.cpp.obj
[101/1188] Generating uORB compressed fields
[102/1188] Linking CXX static library src/drivers/uavcan/libdronecan/libuavcan/libuavcan.a
[103/1188] Generating nuttx/mm/libmm.a
[104/1188] Building CXX object msg/CMakeFiles/uorb_msgs.dir/topics_sources/actuator_armed.cpp.obj
[105/1188] Building CXX object msg/CMakeFiles/uorb_msgs.dir/topics_sources/action_request.cpp.obj
[106/1188] Building CXX object msg/CMakeFiles/uorb_msgs.dir/topics_sources/actuator_controls_status.cpp.obj
[107/1188] Building CXX object msg/CMakeFiles/uorb_msgs.dir/topics_sources/actuator_outputs.cpp.obj
[108/1188] Building CXX object msg/CMakeFiles/uorb_msgs.dir/topics_sources/actuator_servos_trim.cpp.obj
[109/1188] Building CXX object msg/CMakeFiles/uorb_msgs.dir/topics_sources/actuator_test.cpp.obj
[110/1188] Building CXX object msg/CMakeFiles/uorb_msgs.dir/topics_sources/adc_report.cpp.obj
[111/1188] Building CXX object msg/CMakeFiles/uorb_msgs.dir/topics_sources/airspeed.cpp.obj
[112/1188] Building CXX object msg/CMakeFiles/uorb_msgs.dir/topics_sources/airspeed_quality_input.cpp.obj
[113/1188] Building CXX object msg/CMakeFiles/uorb_msgs.dir/topics_sources/airspeed_selector_quality_status.cpp.obj
[114/1188] Building CXX object msg/CMakeFiles/uorb_msgs.dir/topics_sources/airspeed_wind.cpp.obj
[115/1188] Building CXX object msg/CMakeFiles/uorb_msgs.dir/topics_sources/autotune_attitude_control_status.cpp.obj
[116/1188] Building CXX object msg/CMakeFiles/uorb_msgs.dir/topics_sources/battery_info.cpp.obj
[117/1188] Building CXX object msg/CMakeFiles/uorb_msgs.dir/topics_sources/camera_capture.cpp.obj
[118/1188] Building CXX object msg/CMakeFiles/uorb_msgs.dir/topics_sources/button_event.cpp.obj
[119/1188] Building CXX object msg/CMakeFiles/uorb_msgs.dir/topics_sources/camera_status.cpp.obj
[120/1188] Building CXX object msg/CMakeFiles/uorb_msgs.dir/topics_sources/can_interface_status.cpp.obj
[121/1188] Building CXX object msg/CMakeFiles/uorb_msgs.dir/topics_sources/camera_trigger.cpp.obj
[122/1188] Building CXX object src/drivers/uavcan/libuavcan_drivers/CMakeFiles/uavcan_stm32h7_driver.dir/src/uc_stm32h7_can.cpp.obj
[123/1188] Building CXX object msg/CMakeFiles/uorb_msgs.dir/topics_sources/cellular_status.cpp.obj
[124/1188] Building CXX object msg/CMakeFiles/uorb_msgs.dir/topics_sources/collision_constraints.cpp.obj
[125/1188] Building CXX object msg/CMakeFiles/uorb_msgs.dir/topics_sources/control_allocator_status.cpp.obj
[126/1188] Building CXX object msg/CMakeFiles/uorb_msgs.dir/topics_sources/cpuload.cpp.obj
[127/1188] Building CXX object msg/CMakeFiles/uorb_msgs.dir/topics_sources/dataman_request.cpp.obj
[128/1188] Building CXX object msg/CMakeFiles/uorb_msgs.dir/topics_sources/debug_array.cpp.obj
[129/1188] Building CXX object msg/CMakeFiles/uorb_msgs.dir/topics_sources/dataman_response.cpp.obj
[130/1188] Building CXX object msg/CMakeFiles/uorb_msgs.dir/topics_sources/debug_value.cpp.obj
[131/1188] Building CXX object msg/CMakeFiles/uorb_msgs.dir/topics_sources/debug_key_value.cpp.obj
[132/1188] Building CXX object msg/CMakeFiles/uorb_msgs.dir/topics_sources/debug_vect.cpp.obj
[133/1188] Building CXX object msg/CMakeFiles/uorb_msgs.dir/topics_sources/device_information.cpp.obj
[134/1188] Building CXX object msg/CMakeFiles/uorb_msgs.dir/topics_sources/differential_pressure.cpp.obj
[135/1188] Building CXX object msg/CMakeFiles/uorb_msgs.dir/topics_sources/distance_sensor_mode_change_request.cpp.obj
[136/1188] Building CXX object msg/CMakeFiles/uorb_msgs.dir/topics_sources/dronecan_node_status.cpp.obj
[137/1188] Building CXX object msg/CMakeFiles/uorb_msgs.dir/topics_sources/distance_sensor.cpp.obj
[138/1188] Generating nuttx/drivers/libdrivers.a
[139/1188] Building CXX object msg/CMakeFiles/uorb_msgs.dir/topics_sources/ekf2_airspeed_quality.cpp.obj
[140/1188] Building CXX object msg/CMakeFiles/uorb_msgs.dir/topics_sources/ekf2_timestamps.cpp.obj
[141/1188] Building CXX object msg/CMakeFiles/uorb_msgs.dir/topics_sources/esc_report.cpp.obj
[142/1188] Building CXX object msg/CMakeFiles/uorb_msgs.dir/topics_sources/encoder_count.cpp.obj
[143/1188] Building CXX object msg/CMakeFiles/uorb_msgs.dir/topics_sources/esc_status.cpp.obj
[144/1188] Building CXX object msg/CMakeFiles/uorb_msgs.dir/topics_sources/estimator_aid_source1d.cpp.obj
[145/1188] Building CXX object msg/CMakeFiles/uorb_msgs.dir/topics_sources/estimator_aid_source3d.cpp.obj
[146/1188] Building CXX object msg/CMakeFiles/uorb_msgs.dir/topics_sources/estimator_aid_source2d.cpp.obj
[147/1188] Building CXX object msg/CMakeFiles/uorb_msgs.dir/topics_sources/estimator_bias.cpp.obj
[148/1188] Building CXX object msg/CMakeFiles/uorb_msgs.dir/topics_sources/estimator_event_flags.cpp.obj
[149/1188] Building CXX object msg/CMakeFiles/uorb_msgs.dir/topics_sources/estimator_bias3d.cpp.obj
[150/1188] Building CXX object msg/CMakeFiles/uorb_msgs.dir/topics_sources/estimator_innovations.cpp.obj
[151/1188] Building CXX object msg/CMakeFiles/uorb_msgs.dir/topics_sources/estimator_gps_status.cpp.obj
[152/1188] Building CXX object msg/CMakeFiles/uorb_msgs.dir/topics_sources/estimator_sensor_bias.cpp.obj
[153/1188] Building CXX object msg/CMakeFiles/uorb_msgs.dir/topics_sources/estimator_selector_status.cpp.obj
[154/1188] Building CXX object msg/CMakeFiles/uorb_msgs.dir/topics_sources/estimator_states.cpp.obj
[155/1188] Building CXX object msg/CMakeFiles/uorb_msgs.dir/topics_sources/estimator_status_flags.cpp.obj
[156/1188] Building CXX object msg/CMakeFiles/uorb_msgs.dir/topics_sources/estimator_status.cpp.obj
[157/1188] Building CXX object msg/CMakeFiles/uorb_msgs.dir/topics_sources/failsafe_flags.cpp.obj
[158/1188] Building CXX object msg/CMakeFiles/uorb_msgs.dir/topics_sources/figure_eight_status.cpp.obj
[159/1188] Building CXX object msg/CMakeFiles/uorb_msgs.dir/topics_sources/failure_detector_status.cpp.obj
[160/1188] Building CXX object msg/CMakeFiles/uorb_msgs.dir/topics_sources/fixed_wing_lateral_guidance_status.cpp.obj
[161/1188] Building CXX object msg/CMakeFiles/uorb_msgs.dir/topics_sources/fixed_wing_lateral_status.cpp.obj
[162/1188] Building CXX object msg/CMakeFiles/uorb_msgs.dir/topics_sources/fixed_wing_runway_control.cpp.obj
[163/1188] Building CXX object msg/CMakeFiles/uorb_msgs.dir/topics_sources/flap_aug_shadow.cpp.obj
[164/1188] Performing build step for 'libmicroxrceddsclient_project'
[165/1188] Building CXX object msg/CMakeFiles/uorb_msgs.dir/topics_sources/flap_aug_v4_shadow.cpp.obj
[166/1188] Building CXX object msg/CMakeFiles/uorb_msgs.dir/topics_sources/flap_fast_shadow.cpp.obj
[167/1188] Building CXX object msg/CMakeFiles/uorb_msgs.dir/topics_sources/flight_phase_estimation.cpp.obj
[168/1188] Building CXX object msg/CMakeFiles/uorb_msgs.dir/topics_sources/flap_b2b_adaptive.cpp.obj
[169/1188] Building CXX object msg/CMakeFiles/uorb_msgs.dir/topics_sources/flap_frequency.cpp.obj
[170/1188] Building CXX object msg/CMakeFiles/uorb_msgs.dir/topics_sources/flap_fast_control.cpp.obj
[171/1188] Building CXX object msg/CMakeFiles/uorb_msgs.dir/topics_sources/follow_target.cpp.obj
[172/1188] Building CXX object msg/CMakeFiles/uorb_msgs.dir/topics_sources/follow_target_status.cpp.obj
[173/1188] Building CXX object msg/CMakeFiles/uorb_msgs.dir/topics_sources/gain_compression.cpp.obj
[174/1188] Building CXX object msg/CMakeFiles/uorb_msgs.dir/topics_sources/fuel_tank_status.cpp.obj
[175/1188] Building CXX object msg/CMakeFiles/uorb_msgs.dir/topics_sources/follow_target_estimator.cpp.obj
[176/1188] Building CXX object msg/CMakeFiles/uorb_msgs.dir/topics_sources/generator_status.cpp.obj
[177/1188] Building CXX object msg/CMakeFiles/uorb_msgs.dir/topics_sources/geofence_result.cpp.obj
[178/1188] Building CXX object msg/CMakeFiles/uorb_msgs.dir/topics_sources/geofence_status.cpp.obj
[179/1188] Building CXX object msg/CMakeFiles/uorb_msgs.dir/topics_sources/gimbal_device_attitude_status.cpp.obj
[180/1188] Building CXX object msg/CMakeFiles/uorb_msgs.dir/topics_sources/gimbal_device_set_attitude.cpp.obj
[181/1188] Building CXX object msg/CMakeFiles/uorb_msgs.dir/topics_sources/gimbal_controls.cpp.obj
[182/1188] Building CXX object msg/CMakeFiles/uorb_msgs.dir/topics_sources/gimbal_device_information.cpp.obj
[183/1188] Building CXX object msg/CMakeFiles/uorb_msgs.dir/topics_sources/gimbal_manager_information.cpp.obj
[184/1188] Building CXX object msg/CMakeFiles/uorb_msgs.dir/topics_sources/gimbal_manager_set_attitude.cpp.obj
[185/1188] Building CXX object msg/CMakeFiles/uorb_msgs.dir/topics_sources/gpio_config.cpp.obj
[186/1188] Building CXX object msg/CMakeFiles/uorb_msgs.dir/topics_sources/gpio_in.cpp.obj
[187/1188] Building CXX object msg/CMakeFiles/uorb_msgs.dir/topics_sources/gimbal_manager_set_manual_control.cpp.obj
[188/1188] Building CXX object msg/CMakeFiles/uorb_msgs.dir/topics_sources/gimbal_manager_status.cpp.obj
[189/1188] Building CXX object msg/CMakeFiles/uorb_msgs.dir/topics_sources/gpio_out.cpp.obj
[190/1188] Building CXX object msg/CMakeFiles/uorb_msgs.dir/topics_sources/gps_inject_data.cpp.obj
[191/1188] Building CXX object msg/CMakeFiles/uorb_msgs.dir/topics_sources/gpio_request.cpp.obj
[192/1188] Building CXX object msg/CMakeFiles/uorb_msgs.dir/topics_sources/gps_dump.cpp.obj
[193/1188] Building CXX object msg/CMakeFiles/uorb_msgs.dir/topics_sources/gripper.cpp.obj
[194/1188] Generating nuttx/arch/arm/src/libarch.a
chip/stm32_gpio.c:47:11: note: '#pragma message: CONFIG_STM32H7_USE_LEGACY_PINMAP will be deprecated migrate board.h see tools/stm32_pinmap_tool.py'
   47 | #  pragma message "CONFIG_STM32H7_USE_LEGACY_PINMAP will be deprecated migrate board.h see tools/stm32_pinmap_tool.py"
      |           ^~~~~~~
[195/1188] Building CXX object msg/CMakeFiles/uorb_msgs.dir/topics_sources/hall_event.cpp.obj
[196/1188] Building CXX object msg/CMakeFiles/uorb_msgs.dir/topics_sources/health_report.cpp.obj
[197/1188] Building CXX object msg/CMakeFiles/uorb_msgs.dir/topics_sources/heater_status.cpp.obj
[198/1188] Building CXX object msg/CMakeFiles/uorb_msgs.dir/topics_sources/hover_thrust_estimate.cpp.obj
[199/1188] Building CXX object msg/CMakeFiles/uorb_msgs.dir/topics_sources/input_rc.cpp.obj
[200/1188] Building CXX object msg/CMakeFiles/uorb_msgs.dir/topics_sources/internal_combustion_engine_control.cpp.obj
[201/1188] Building CXX object msg/CMakeFiles/uorb_msgs.dir/topics_sources/internal_combustion_engine_status.cpp.obj
[202/1188] Building CXX object msg/CMakeFiles/uorb_msgs.dir/topics_sources/iridiumsbd_status.cpp.obj
[203/1188] Building CXX object msg/CMakeFiles/uorb_msgs.dir/topics_sources/landing_gear.cpp.obj
[204/1188] Building CXX object msg/CMakeFiles/uorb_msgs.dir/topics_sources/landing_target_pose.cpp.obj
[205/1188] Building CXX object msg/CMakeFiles/uorb_msgs.dir/topics_sources/landing_gear_wheel.cpp.obj
[206/1188] Building CXX object msg/CMakeFiles/uorb_msgs.dir/topics_sources/irlock_report.cpp.obj
[207/1188] Building CXX object msg/CMakeFiles/uorb_msgs.dir/topics_sources/landing_target_innovations.cpp.obj
[208/1188] Building CXX object msg/CMakeFiles/uorb_msgs.dir/topics_sources/launch_detection_status.cpp.obj
[209/1188] Building CXX object msg/CMakeFiles/uorb_msgs.dir/topics_sources/led_control.cpp.obj
[210/1188] Building CXX object msg/CMakeFiles/uorb_msgs.dir/topics_sources/logger_status.cpp.obj
[211/1188] Building CXX object msg/CMakeFiles/uorb_msgs.dir/topics_sources/mag_worker_data.cpp.obj
[212/1188] Building CXX object msg/CMakeFiles/uorb_msgs.dir/topics_sources/manual_control_switches.cpp.obj
[213/1188] Building CXX object msg/CMakeFiles/uorb_msgs.dir/topics_sources/mavlink_log.cpp.obj
[214/1188] Building CXX object msg/CMakeFiles/uorb_msgs.dir/topics_sources/log_message.cpp.obj
[215/1188] Building CXX object msg/CMakeFiles/uorb_msgs.dir/topics_sources/magnetometer_bias_estimate.cpp.obj
[216/1188] Building CXX object msg/CMakeFiles/uorb_msgs.dir/topics_sources/mavlink_tunnel.cpp.obj
[217/1188] Building CXX object msg/CMakeFiles/uorb_msgs.dir/topics_sources/message_format_response.cpp.obj
[218/1188] Building CXX object msg/CMakeFiles/uorb_msgs.dir/topics_sources/message_format_request.cpp.obj
[219/1188] Building CXX object msg/CMakeFiles/uorb_msgs.dir/topics_sources/mission_result.cpp.obj
[220/1188] Building CXX object msg/CMakeFiles/uorb_msgs.dir/topics_sources/mission.cpp.obj
[221/1188] Building CXX object msg/CMakeFiles/uorb_msgs.dir/topics_sources/navigator_mission_item.cpp.obj
[222/1188] Building CXX object msg/CMakeFiles/uorb_msgs.dir/topics_sources/mount_orientation.cpp.obj
[223/1188] Building CXX object msg/CMakeFiles/uorb_msgs.dir/topics_sources/navigator_status.cpp.obj
[224/1188] Building CXX object msg/CMakeFiles/uorb_msgs.dir/topics_sources/normalized_unsigned_setpoint.cpp.obj
[225/1188] Building CXX object msg/CMakeFiles/uorb_msgs.dir/topics_sources/neural_control.cpp.obj
[226/1188] Building CXX object msg/CMakeFiles/uorb_msgs.dir/topics_sources/obstacle_distance.cpp.obj
[227/1188] Building CXX object msg/CMakeFiles/uorb_msgs.dir/topics_sources/onboard_computer_status.cpp.obj
[228/1188] Building CXX object msg/CMakeFiles/uorb_msgs.dir/topics_sources/offboard_control_mode.cpp.obj
[229/1188] Building CXX object msg/CMakeFiles/uorb_msgs.dir/topics_sources/open_drone_id_arm_status.cpp.obj
[230/1188] Building CXX object msg/CMakeFiles/uorb_msgs.dir/topics_sources/open_drone_id_self_id.cpp.obj
[231/1188] Building CXX object msg/CMakeFiles/uorb_msgs.dir/topics_sources/orb_test.cpp.obj
[232/1188] Building CXX object msg/CMakeFiles/uorb_msgs.dir/topics_sources/orb_test_large.cpp.obj
[233/1188] Building CXX object msg/CMakeFiles/uorb_msgs.dir/topics_sources/open_drone_id_system.cpp.obj
[234/1188] Building CXX object msg/CMakeFiles/uorb_msgs.dir/topics_sources/orb_test_medium.cpp.obj
[235/1188] Building CXX object msg/CMakeFiles/uorb_msgs.dir/topics_sources/open_drone_id_operator_id.cpp.obj
[236/1188] Building CXX object msg/CMakeFiles/uorb_msgs.dir/topics_sources/orbit_status.cpp.obj
[237/1188] Building CXX object msg/CMakeFiles/uorb_msgs.dir/topics_sources/parameter_reset_request.cpp.obj
[238/1188] Building CXX object msg/CMakeFiles/uorb_msgs.dir/topics_sources/parameter_set_value_response.cpp.obj
[239/1188] Building CXX object msg/CMakeFiles/uorb_msgs.dir/topics_sources/parameter_update.cpp.obj
[240/1188] Building CXX object msg/CMakeFiles/uorb_msgs.dir/topics_sources/parameter_set_value_request.cpp.obj
[241/1188] Building CXX object msg/CMakeFiles/uorb_msgs.dir/topics_sources/parameter_set_used_request.cpp.obj
[242/1188] Building CXX object msg/CMakeFiles/uorb_msgs.dir/topics_sources/ping.cpp.obj
[243/1188] Building CXX object msg/CMakeFiles/uorb_msgs.dir/topics_sources/position_setpoint.cpp.obj
[244/1188] Building CXX object msg/CMakeFiles/uorb_msgs.dir/topics_sources/position_controller_landing_status.cpp.obj
[245/1188] Building CXX object msg/CMakeFiles/uorb_msgs.dir/topics_sources/position_controller_status.cpp.obj
[246/1188] Building CXX object msg/CMakeFiles/uorb_msgs.dir/topics_sources/position_setpoint_triplet.cpp.obj
[247/1188] Building CXX object msg/CMakeFiles/uorb_msgs.dir/topics_sources/power_button_state.cpp.obj
[248/1188] Building CXX object msg/CMakeFiles/uorb_msgs.dir/topics_sources/power_monitor.cpp.obj
[249/1188] Building CXX object msg/CMakeFiles/uorb_msgs.dir/topics_sources/pps_capture.cpp.obj
[250/1188] Building CXX object msg/CMakeFiles/uorb_msgs.dir/topics_sources/px4io_status.cpp.obj
[251/1188] Building CXX object msg/CMakeFiles/uorb_msgs.dir/topics_sources/pure_pursuit_status.cpp.obj
[252/1188] Building CXX object msg/CMakeFiles/uorb_msgs.dir/topics_sources/qshell_retval.cpp.obj
[253/1188] Building CXX object msg/CMakeFiles/uorb_msgs.dir/topics_sources/qshell_req.cpp.obj
[254/1188] Building CXX object msg/CMakeFiles/uorb_msgs.dir/topics_sources/pwm_input.cpp.obj
[255/1188] Building CXX object msg/CMakeFiles/uorb_msgs.dir/topics_sources/radio_status.cpp.obj
[256/1188] Building CXX object msg/CMakeFiles/uorb_msgs.dir/topics_sources/rc_parameter_map.cpp.obj
[257/1188] Building CXX object msg/CMakeFiles/uorb_msgs.dir/topics_sources/rate_ctrl_terms.cpp.obj
[258/1188] Building CXX object msg/CMakeFiles/uorb_msgs.dir/topics_sources/rc_channels.cpp.obj
[259/1188] Building CXX object msg/CMakeFiles/uorb_msgs.dir/topics_sources/rover_attitude_setpoint.cpp.obj
[260/1188] Building CXX object msg/CMakeFiles/uorb_msgs.dir/topics_sources/rover_position_setpoint.cpp.obj
[261/1188] Building CXX object msg/CMakeFiles/uorb_msgs.dir/topics_sources/rover_attitude_status.cpp.obj
[262/1188] Building CXX object msg/CMakeFiles/uorb_msgs.dir/topics_sources/rate_ctrl_status.cpp.obj
[263/1188] Building CXX object msg/CMakeFiles/uorb_msgs.dir/topics_sources/rover_rate_setpoint.cpp.obj
[264/1188] Building CXX object msg/CMakeFiles/uorb_msgs.dir/topics_sources/rover_rate_status.cpp.obj
[265/1188] Building CXX object msg/CMakeFiles/uorb_msgs.dir/topics_sources/rover_speed_setpoint.cpp.obj
[266/1188] Building CXX object msg/CMakeFiles/uorb_msgs.dir/topics_sources/rover_speed_status.cpp.obj
[267/1188] Building CXX object msg/CMakeFiles/uorb_msgs.dir/topics_sources/rover_steering_setpoint.cpp.obj
[268/1188] Building CXX object msg/CMakeFiles/uorb_msgs.dir/topics_sources/rover_throttle_setpoint.cpp.obj
[269/1188] Building CXX object msg/CMakeFiles/uorb_msgs.dir/topics_sources/rtl_status.cpp.obj
[270/1188] Building CXX object msg/CMakeFiles/uorb_msgs.dir/topics_sources/rpm.cpp.obj
[271/1188] Building CXX object msg/CMakeFiles/uorb_msgs.dir/topics_sources/satellite_info.cpp.obj
[272/1188] Generating nuttx/fs/libfs.a
[273/1188] Building CXX object msg/CMakeFiles/uorb_msgs.dir/topics_sources/rtl_time_estimate.cpp.obj
[274/1188] Building CXX object msg/CMakeFiles/uorb_msgs.dir/topics_sources/sensor_accel_fifo.cpp.obj
[275/1188] Building CXX object msg/CMakeFiles/uorb_msgs.dir/topics_sources/sensor_accel.cpp.obj
[276/1188] Building CXX object msg/CMakeFiles/uorb_msgs.dir/topics_sources/sensor_airflow.cpp.obj
[277/1188] Building CXX object msg/CMakeFiles/uorb_msgs.dir/topics_sources/sensor_baro.cpp.obj
[278/1188] Building CXX object msg/CMakeFiles/uorb_msgs.dir/topics_sources/sensor_gnss_relative.cpp.obj
[279/1188] Building CXX object msg/CMakeFiles/uorb_msgs.dir/topics_sources/sensor_gps.cpp.obj
[280/1188] Building CXX object msg/CMakeFiles/uorb_msgs.dir/topics_sources/sensor_correction.cpp.obj
[281/1188] Building CXX object msg/CMakeFiles/uorb_msgs.dir/topics_sources/sensor_combined.cpp.obj
[282/1188] Building CXX object msg/CMakeFiles/uorb_msgs.dir/topics_sources/sensor_gnss_status.cpp.obj
[283/1188] Building CXX object msg/CMakeFiles/uorb_msgs.dir/topics_sources/sensor_gyro.cpp.obj
[284/1188] Building CXX object msg/CMakeFiles/uorb_msgs.dir/topics_sources/sensor_optical_flow.cpp.obj
[285/1188] Building CXX object msg/CMakeFiles/uorb_msgs.dir/topics_sources/sensor_gyro_fft.cpp.obj
[286/1188] Building CXX object msg/CMakeFiles/uorb_msgs.dir/topics_sources/sensor_mag.cpp.obj
[287/1188] Building CXX object msg/CMakeFiles/uorb_msgs.dir/topics_sources/sensor_selection.cpp.obj
[288/1188] Building CXX object msg/CMakeFiles/uorb_msgs.dir/topics_sources/sensor_preflight_mag.cpp.obj
[289/1188] Building CXX object msg/CMakeFiles/uorb_msgs.dir/topics_sources/sensor_gyro_fifo.cpp.obj
[290/1188] Building CXX object msg/CMakeFiles/uorb_msgs.dir/topics_sources/sensor_hygrometer.cpp.obj
[291/1188] Building CXX object msg/CMakeFiles/uorb_msgs.dir/topics_sources/sensor_temp.cpp.obj
[292/1188] Building CXX object msg/CMakeFiles/uorb_msgs.dir/topics_sources/sensor_uwb.cpp.obj
[293/1188] Building CXX object msg/CMakeFiles/uorb_msgs.dir/topics_sources/sensors_status.cpp.obj
[294/1188] Building CXX object msg/CMakeFiles/uorb_msgs.dir/topics_sources/sensors_status_imu.cpp.obj
[295/1188] Building CXX object msg/CMakeFiles/uorb_msgs.dir/topics_sources/takeoff_status.cpp.obj
[296/1188] Building CXX object msg/CMakeFiles/uorb_msgs.dir/topics_sources/system_power.cpp.obj
[297/1188] Building CXX object msg/CMakeFiles/uorb_msgs.dir/topics_sources/tecs_status.cpp.obj
[298/1188] Building CXX object msg/CMakeFiles/uorb_msgs.dir/topics_sources/task_stack_info.cpp.obj
[299/1188] Building CXX object msg/CMakeFiles/uorb_msgs.dir/topics_sources/timesync_status.cpp.obj
[300/1188] Building CXX object msg/CMakeFiles/uorb_msgs.dir/topics_sources/telemetry_status.cpp.obj
[301/1188] Building CXX object msg/CMakeFiles/uorb_msgs.dir/topics_sources/transponder_report.cpp.obj
[302/1188] Building CXX object msg/CMakeFiles/uorb_msgs.dir/topics_sources/trajectory_setpoint6dof.cpp.obj
[303/1188] Building CXX object msg/CMakeFiles/uorb_msgs.dir/topics_sources/tune_control.cpp.obj
[304/1188] Building CXX object msg/CMakeFiles/uorb_msgs.dir/topics_sources/uavcan_parameter_request.cpp.obj
[305/1188] Building CXX object msg/CMakeFiles/uorb_msgs.dir/topics_sources/tiltrotor_extra_controls.cpp.obj
[306/1188] Building CXX object msg/CMakeFiles/uorb_msgs.dir/topics_sources/uavcan_parameter_value.cpp.obj
[307/1188] Building CXX object msg/CMakeFiles/uorb_msgs.dir/topics_sources/ulog_stream_ack.cpp.obj
[308/1188] Building CXX object msg/CMakeFiles/uorb_msgs.dir/topics_sources/vehicle_air_data.cpp.obj
[309/1188] Building CXX object msg/CMakeFiles/uorb_msgs.dir/topics_sources/vehicle_imu.cpp.obj
[310/1188] Building CXX object msg/CMakeFiles/uorb_msgs.dir/topics_sources/vehicle_constraints.cpp.obj
[311/1188] Building CXX object msg/CMakeFiles/uorb_msgs.dir/topics_sources/vehicle_angular_acceleration_setpoint.cpp.obj
[312/1188] Building CXX object msg/CMakeFiles/uorb_msgs.dir/topics_sources/vehicle_acceleration.cpp.obj
[313/1188] Building CXX object msg/CMakeFiles/uorb_msgs.dir/topics_sources/ulog_stream.cpp.obj
[314/1188] Building CXX object msg/CMakeFiles/uorb_msgs.dir/topics_sources/vehicle_local_position_setpoint.cpp.obj
[315/1188] Building CXX object msg/CMakeFiles/uorb_msgs.dir/topics_sources/vehicle_imu_status.cpp.obj
[316/1188] Building CXX object msg/CMakeFiles/uorb_msgs.dir/topics_sources/vehicle_magnetometer.cpp.obj
[317/1188] Building CXX object msg/CMakeFiles/uorb_msgs.dir/topics_sources/vehicle_torque_setpoint.cpp.obj
[318/1188] Building CXX object msg/CMakeFiles/uorb_msgs.dir/topics_sources/vehicle_roi.cpp.obj
[319/1188] Building CXX object msg/CMakeFiles/uorb_msgs.dir/topics_sources/vehicle_thrust_setpoint.cpp.obj
[320/1188] Building CXX object msg/CMakeFiles/uorb_msgs.dir/topics_sources/vehicle_optical_flow.cpp.obj
[321/1188] Building CXX object msg/CMakeFiles/uorb_msgs.dir/topics_sources/vehicle_optical_flow_vel.cpp.obj
[322/1188] Building CXX object msg/CMakeFiles/uorb_msgs.dir/topics_sources/velocity_limits.cpp.obj
[323/1188] Building CXX object msg/CMakeFiles/uorb_msgs.dir/topics_sources/vtx.cpp.obj
[324/1188] Building CXX object msg/CMakeFiles/uorb_msgs.dir/topics_sources/wing_phase.cpp.obj
[325/1188] Building CXX object msg/CMakeFiles/uorb_msgs.dir/topics_sources/wheel_encoders.cpp.obj
[326/1188] Building CXX object msg/CMakeFiles/uorb_msgs.dir/topics_sources/actuator_servos.cpp.obj
[327/1188] Building CXX object msg/CMakeFiles/uorb_msgs.dir/topics_sources/yaw_estimator_status.cpp.obj
[328/1188] Building CXX object msg/CMakeFiles/uorb_msgs.dir/topics_sources/actuator_motors.cpp.obj
[329/1188] Building CXX object msg/CMakeFiles/uorb_msgs.dir/topics_sources/airspeed_validated.cpp.obj
[330/1188] Building CXX object msg/CMakeFiles/uorb_msgs.dir/topics_sources/battery_status.cpp.obj
[331/1188] Building CXX object msg/CMakeFiles/uorb_msgs.dir/topics_sources/config_overrides.cpp.obj
[332/1188] Building CXX object msg/CMakeFiles/uorb_msgs.dir/topics_sources/fixed_wing_lateral_setpoint.cpp.obj
[333/1188] Building CXX object msg/CMakeFiles/uorb_msgs.dir/topics_sources/fixed_wing_longitudinal_setpoint.cpp.obj
[334/1188] Building CXX object msg/CMakeFiles/uorb_msgs.dir/topics_sources/arming_check_reply.cpp.obj
[335/1188] Building CXX object msg/CMakeFiles/uorb_msgs.dir/topics_sources/event.cpp.obj
[336/1188] Building CXX object msg/CMakeFiles/uorb_msgs.dir/topics_sources/arming_check_request.cpp.obj
[337/1188] Building CXX object msg/CMakeFiles/uorb_msgs.dir/topics_sources/goto_setpoint.cpp.obj
[338/1188] Building CXX object msg/CMakeFiles/uorb_msgs.dir/topics_sources/longitudinal_control_configuration.cpp.obj
[339/1188] Building CXX object msg/CMakeFiles/uorb_msgs.dir/topics_sources/lateral_control_configuration.cpp.obj
[340/1188] Building CXX object msg/CMakeFiles/uorb_msgs.dir/topics_sources/home_position.cpp.obj
[341/1188] Building CXX object msg/CMakeFiles/uorb_msgs.dir/topics_sources/mode_completed.cpp.obj
[342/1188] Building CXX object msg/CMakeFiles/uorb_msgs.dir/topics_sources/manual_control_setpoint.cpp.obj
[343/1188] Building CXX object msg/CMakeFiles/uorb_msgs.dir/topics_sources/raptor_input.cpp.obj
[344/1188] Building CXX object msg/CMakeFiles/uorb_msgs.dir/topics_sources/raptor_status.cpp.obj
[345/1188] Building CXX object msg/CMakeFiles/uorb_msgs.dir/topics_sources/unregister_ext_component.cpp.obj
[346/1188] Building CXX object msg/CMakeFiles/uorb_msgs.dir/topics_sources/register_ext_component_reply.cpp.obj
[347/1188] Building CXX object msg/CMakeFiles/uorb_msgs.dir/topics_sources/vehicle_angular_velocity.cpp.obj
[348/1188] Building CXX object msg/CMakeFiles/uorb_msgs.dir/topics_sources/trajectory_setpoint.cpp.obj
[349/1188] Building CXX object msg/CMakeFiles/uorb_msgs.dir/topics_sources/register_ext_component_request.cpp.obj
[350/1188] Building CXX object msg/CMakeFiles/uorb_msgs.dir/topics_sources/vehicle_attitude.cpp.obj
[351/1188] Building CXX object msg/CMakeFiles/uorb_msgs.dir/topics_sources/vehicle_command.cpp.obj
[352/1188] Building CXX object msg/CMakeFiles/uorb_msgs.dir/topics_sources/vehicle_attitude_setpoint.cpp.obj
[353/1188] Building CXX object msg/CMakeFiles/uorb_msgs.dir/topics_sources/vehicle_global_position.cpp.obj
[354/1188] Building CXX object msg/CMakeFiles/uorb_msgs.dir/topics_sources/vehicle_odometry.cpp.obj
[355/1188] Building CXX object msg/CMakeFiles/uorb_msgs.dir/topics_sources/vehicle_land_detected.cpp.obj
[356/1188] Building CXX object msg/CMakeFiles/uorb_msgs.dir/topics_sources/vehicle_command_ack.cpp.obj
[357/1188] Building CXX object msg/CMakeFiles/uorb_msgs.dir/topics_sources/vehicle_control_mode.cpp.obj
[358/1188] Building CXX object msg/CMakeFiles/uorb_msgs.dir/topics_sources/vehicle_local_position.cpp.obj
[359/1188] Performing install step for 'libmicroxrceddsclient_project'
[360/1188] Building CXX object msg/CMakeFiles/uorb_msgs.dir/topics_sources/uORBMessageFieldsGenerated.cpp.obj
[361/1188] Building CXX object msg/CMakeFiles/uorb_msgs.dir/topics_sources/vehicle_status.cpp.obj
[362/1188] Building CXX object msg/CMakeFiles/uorb_msgs.dir/topics_sources/uORBTopics.cpp.obj
[363/1188] Building CXX object msg/CMakeFiles/uorb_msgs.dir/topics_sources/vehicle_rates_setpoint.cpp.obj
[364/1188] Linking CXX static library src/modules/commander/ModeUtil/libmode_util.a
[365/1188] Completed 'libmicroxrceddsclient_project'
[366/1188] Linking CXX static library src/lib/wind_estimator/libwind_estimator.a
[367/1188] Building CXX object msg/CMakeFiles/uorb_msgs.dir/topics_sources/wind.cpp.obj
[368/1188] Building CXX object msg/CMakeFiles/uorb_msgs.dir/topics_sources/vtol_vehicle_status.cpp.obj
[369/1188] Linking CXX static library src/drivers/actuators/vertiq_io/libiq_communication.a
[370/1188] Generating nuttx/crypto/libcrypto.a
[371/1188] Building CXX object src/modules/ekf2/EKF/CMakeFiles/ecl_EKF.dir/control.cpp.obj
[372/1188] Linking CXX static library msg/libuorb_msgs.a
[373/1188] Generating nuttx/boards/libboards.a
[374/1188] Building CXX object src/drivers/uavcan/libuavcan_drivers/CMakeFiles/uavcan_stm32h7_driver.dir/src/uc_stm32h7_thread.cpp.obj
[375/1188] Building CXX object src/drivers/uavcan/libuavcan_drivers/CMakeFiles/uavcan_stm32h7_driver.dir/src/uc_stm32h7_clock.cpp.obj
[376/1188] Linking CXX static library src/drivers/uavcan/libuavcan_drivers/libuavcan_stm32h7_driver.a
[377/1188] ROMFS: generating image
[378/1188] Building CXX object src/modules/ekf2/EKF/CMakeFiles/ecl_EKF.dir/height_control.cpp.obj
[379/1188] Building C object ROMFS/CMakeFiles/romfs.dir/nsh_romfsimg.c.obj
[380/1188] Linking C static library ROMFS/libromfs.a
[381/1188] Building CXX object src/modules/ekf2/EKF/CMakeFiles/ecl_EKF.dir/velocity_fusion.cpp.obj
[382/1188] Building CXX object src/modules/ekf2/EKF/CMakeFiles/ecl_EKF.dir/position_fusion.cpp.obj
[383/1188] Building CXX object src/modules/ekf2/EKF/CMakeFiles/ecl_EKF.dir/ekf.cpp.obj
[384/1188] Generating nuttx/binfmt/libbinfmt.a
[385/1188] Building CXX object src/modules/ekf2/EKF/CMakeFiles/ecl_EKF.dir/estimator_interface.cpp.obj
[386/1188] Building CXX object src/modules/ekf2/EKF/CMakeFiles/ecl_EKF.dir/aid_sources/fake_height_control.cpp.obj
[387/1188] Building CXX object src/modules/ekf2/EKF/CMakeFiles/ecl_EKF.dir/ekf_helper.cpp.obj
[388/1188] Building CXX object src/modules/ekf2/EKF/CMakeFiles/ecl_EKF.dir/imu_down_sampler/imu_down_sampler.cpp.obj
[389/1188] Building CXX object src/modules/ekf2/EKF/CMakeFiles/ecl_EKF.dir/aid_sources/fake_pos_control.cpp.obj
[390/1188] Building CXX object src/modules/ekf2/EKF/CMakeFiles/ecl_EKF.dir/aid_sources/ZeroGyroUpdate.cpp.obj
[391/1188] Building CXX object src/modules/ekf2/EKF/CMakeFiles/ecl_EKF.dir/yaw_fusion.cpp.obj
[392/1188] Building CXX object src/modules/ekf2/EKF/CMakeFiles/ecl_EKF.dir/aid_sources/zero_innovation_heading_update.cpp.obj
[393/1188] Building CXX object src/modules/ekf2/EKF/CMakeFiles/ecl_EKF.dir/aid_sources/ZeroVelocityUpdate.cpp.obj
[394/1188] Building CXX object src/modules/ekf2/EKF/CMakeFiles/ecl_EKF.dir/aid_sources/aux_global_position/aux_global_position.cpp.obj
[395/1188] Building CXX object src/modules/ekf2/EKF/CMakeFiles/ecl_EKF.dir/aid_sources/auxvel/auxvel_fusion.cpp.obj
[396/1188] Building CXX object src/modules/ekf2/EKF/CMakeFiles/ecl_EKF.dir/aid_sources/barometer/baro_height_control.cpp.obj
[397/1188] Building CXX object src/modules/ekf2/EKF/CMakeFiles/ecl_EKF.dir/aid_sources/airspeed/airspeed_fusion.cpp.obj
[398/1188] Building CXX object src/modules/ekf2/EKF/CMakeFiles/ecl_EKF.dir/aid_sources/external_vision/ev_height_control.cpp.obj
[399/1188] Building CXX object src/modules/ekf2/EKF/CMakeFiles/ecl_EKF.dir/covariance.cpp.obj
[400/1188] Building CXX object src/modules/ekf2/EKF/CMakeFiles/ecl_EKF.dir/aid_sources/drag/drag_fusion.cpp.obj
[401/1188] Building CXX object src/modules/ekf2/EKF/CMakeFiles/ecl_EKF.dir/aid_sources/external_vision/ev_control.cpp.obj
[402/1188] Building CXX object src/modules/ekf2/EKF/CMakeFiles/ecl_EKF.dir/aid_sources/external_vision/ev_yaw_control.cpp.obj
[403/1188] Building CXX object src/modules/ekf2/EKF/CMakeFiles/ecl_EKF.dir/aid_sources/gnss/gnss_checks.cpp.obj
[404/1188] Building CXX object src/modules/ekf2/EKF/CMakeFiles/ecl_EKF.dir/aid_sources/gnss/gnss_height_control.cpp.obj
[405/1188] Building CXX object src/modules/ekf2/EKF/CMakeFiles/ecl_EKF.dir/aid_sources/external_vision/ev_pos_control.cpp.obj
[406/1188] Building CXX object src/modules/ekf2/EKF/CMakeFiles/ecl_EKF.dir/aid_sources/external_vision/ev_vel_control.cpp.obj
[407/1188] Building CXX object src/modules/ekf2/EKF/CMakeFiles/ecl_EKF.dir/aid_sources/gnss/gnss_yaw_control.cpp.obj
[408/1188] Building CXX object src/modules/ekf2/EKF/CMakeFiles/ecl_EKF.dir/aid_sources/range_finder/range_finder_consistency_check.cpp.obj
[409/1188] Building CXX object src/modules/ekf2/EKF/CMakeFiles/ecl_EKF.dir/aid_sources/gravity/gravity_fusion.cpp.obj
[410/1188] Building CXX object src/modules/ekf2/EKF/CMakeFiles/ecl_EKF.dir/aid_sources/magnetometer/mag_fusion.cpp.obj
[411/1188] Generating nuttx/sched/libsched.a
[412/1188] Building CXX object src/modules/ekf2/EKF/CMakeFiles/ecl_EKF.dir/aid_sources/optical_flow/optical_flow_fusion.cpp.obj
[413/1188] Building CXX object src/modules/ekf2/EKF/CMakeFiles/ecl_EKF.dir/aid_sources/range_finder/range_height_fusion.cpp.obj
[414/1188] Building CXX object src/modules/ekf2/EKF/CMakeFiles/ecl_EKF.dir/aid_sources/range_finder/sensor_range_finder.cpp.obj
[415/1188] Building CXX object src/modules/ekf2/EKF/CMakeFiles/ecl_EKF.dir/aid_sources/gnss/gps_control.cpp.obj
[416/1188] Building CXX object src/modules/ekf2/EKF/CMakeFiles/ecl_EKF.dir/aid_sources/range_finder/range_height_control.cpp.obj
[417/1188] Building CXX object src/modules/ekf2/EKF/CMakeFiles/ecl_EKF.dir/aid_sources/optical_flow/optical_flow_control.cpp.obj
[418/1188] Building CXX object src/modules/ekf2/EKF/CMakeFiles/ecl_EKF.dir/aid_sources/magnetometer/mag_control.cpp.obj
[419/1188] Building CXX object src/modules/ekf2/EKF/CMakeFiles/ecl_EKF.dir/terrain_control.cpp.obj
[420/1188] Building CXX object src/modules/ekf2/EKF/CMakeFiles/ecl_EKF.dir/aid_sources/sideslip/sideslip_fusion.cpp.obj
[421/1188] Building CXX object src/modules/ekf2/EKF/CMakeFiles/ecl_EKF.dir/wind.cpp.obj
[422/1188] Linking CXX static library src/modules/ekf2/EKF/libecl_EKF.a
[423/1188] Generating apps/libapps.a
[424/1188] Generating nuttx/libs/libc/libc.a
[425/1188] Building C object boards/px4/fmu-v6c/src/CMakeFiles/drivers_board.dir/can.c.obj
[426/1188] Building CXX object src/lib/parameters/CMakeFiles/parameters.dir/atomic_transaction.cpp.obj
[427/1188] Building CXX object boards/px4/fmu-v6c/src/CMakeFiles/drivers_board.dir/i2c.cpp.obj
[428/1188] Building C object boards/px4/fmu-v6c/src/CMakeFiles/drivers_board.dir/init.c.obj
[429/1188] Building C object platforms/nuttx/src/px4/stm/stm32h7/board_hw_info/CMakeFiles/arch_board_hw_info.dir/board_hw_rev_ver.c.obj
[430/1188] Building CXX object boards/px4/fmu-v6c/src/CMakeFiles/drivers_board.dir/mtd.cpp.obj
[431/1188] Building C object boards/px4/fmu-v6c/src/CMakeFiles/drivers_board.dir/led.c.obj
[432/1188] Building CXX object src/lib/parameters/CMakeFiles/parameters.dir/param_translation.cpp.obj
[433/1188] Building C object src/lib/parameters/flashparams/CMakeFiles/flashparams.dir/flashfs32.c.obj
[434/1188] Building CXX object src/lib/parameters/CMakeFiles/parameters.dir/autosave.cpp.obj
[435/1188] Building C object boards/px4/fmu-v6c/src/CMakeFiles/drivers_board.dir/manifest.c.obj
[436/1188] Building CXX object boards/px4/fmu-v6c/src/CMakeFiles/drivers_board.dir/spi.cpp.obj
[437/1188] Building CXX object src/lib/parameters/flashparams/CMakeFiles/flashparams.dir/flashparams.cpp.obj
[438/1188] Building C object boards/px4/fmu-v6c/src/CMakeFiles/drivers_board.dir/sdio.c.obj
[439/1188] Building CXX object boards/px4/fmu-v6c/src/CMakeFiles/drivers_board.dir/timer_config.cpp.obj
[440/1188] Building C object boards/px4/fmu-v6c/src/CMakeFiles/drivers_board.dir/usb.c.obj
[441/1188] Linking CXX static library src/lib/parameters/flashparams/libflashparams.a
[442/1188] Building C object platforms/common/CMakeFiles/px4_platform.dir/board_identity.c.obj
[443/1188] Building C object platforms/common/CMakeFiles/px4_platform.dir/board_common.c.obj
[444/1188] Building CXX object platforms/common/CMakeFiles/px4_platform.dir/external_reset_lockout.cpp.obj
[445/1188] Building CXX object platforms/common/px4_work_queue/CMakeFiles/px4_work_queue.dir/WorkItemSingleShot.cpp.obj
[446/1188] Building CXX object platforms/common/CMakeFiles/px4_platform.dir/i2c.cpp.obj
[447/1188] Building CXX object platforms/common/px4_work_queue/CMakeFiles/px4_work_queue.dir/ScheduledWorkItem.cpp.obj
[448/1188] Building CXX object platforms/common/px4_work_queue/CMakeFiles/px4_work_queue.dir/WorkItem.cpp.obj
[449/1188] Building CXX object platforms/common/CMakeFiles/px4_platform.dir/px4_cli.cpp.obj
[450/1188] Building CXX object platforms/common/CMakeFiles/px4_platform.dir/module.cpp.obj
[451/1188] Building C object platforms/common/CMakeFiles/px4_platform.dir/px4_getopt.c.obj
[452/1188] Building CXX object platforms/common/CMakeFiles/px4_platform.dir/spi.cpp.obj
[453/1188] Building CXX object platforms/common/CMakeFiles/px4_platform.dir/shutdown.cpp.obj
[454/1188] Building C object platforms/common/CMakeFiles/px4_platform.dir/pab_manifest.c.obj
[455/1188] Building CXX object platforms/common/CMakeFiles/px4_platform.dir/Serial.cpp.obj
[456/1188] Building CXX object platforms/common/CMakeFiles/px4_platform.dir/px4_log_history.cpp.obj
[457/1188] Building CXX object platforms/common/px4_work_queue/CMakeFiles/px4_work_queue.dir/WorkQueue.cpp.obj
[458/1188] Building C object platforms/nuttx/src/px4/stm/stm32h7/version/CMakeFiles/arch_version.dir/board_mcu_version.c.obj
[459/1188] Building CXX object platforms/nuttx/src/px4/stm/stm32h7/board_reset/CMakeFiles/arch_board_reset.dir/board_reset.cpp.obj
[460/1188] Building C object platforms/nuttx/src/px4/stm/stm32h7/version/CMakeFiles/arch_version.dir/board_identity.c.obj
[461/1188] Building C object platforms/nuttx/src/px4/stm/stm32h7/board_critmon/CMakeFiles/arch_board_critmon.dir/board_critmon.c.obj
[462/1188] Building C object platforms/nuttx/src/px4/stm/stm32h7/hrt/CMakeFiles/arch_hrt.dir/hrt.c.obj
[463/1188] Building CXX object platforms/common/CMakeFiles/px4_platform.dir/px4_log.cpp.obj
[464/1188] Building CXX object platforms/common/px4_work_queue/CMakeFiles/px4_work_queue.dir/WorkQueueManager.cpp.obj
[465/1188] Building C object platforms/nuttx/src/px4/common/CMakeFiles/px4_layer.dir/board_dma_alloc.c.obj
[466/1188] Building C object platforms/nuttx/src/px4/common/CMakeFiles/px4_layer.dir/board_fat_dma_alloc.c.obj
[467/1188] Building CXX object platforms/nuttx/src/px4/stm/stm32h7/spi/CMakeFiles/arch_spi.dir/spi.cpp.obj
[468/1188] Building C object platforms/nuttx/src/px4/common/CMakeFiles/px4_layer.dir/gpio.c.obj
[469/1188] Building C object platforms/nuttx/src/px4/common/CMakeFiles/px4_layer.dir/board_crashdump.c.obj
[470/1188] Building CXX object platforms/nuttx/src/px4/stm/stm32h7/adc/CMakeFiles/arch_adc.dir/adc.cpp.obj
[471/1188] Building CXX object platforms/nuttx/src/px4/common/CMakeFiles/px4_layer.dir/cpuload.cpp.obj
[472/1188] Building CXX object platforms/nuttx/src/px4/common/CMakeFiles/px4_layer.dir/console_buffer.cpp.obj
[473/1188] Building CXX object platforms/nuttx/src/px4/common/CMakeFiles/px4_layer.dir/px4_nuttx_impl.cpp.obj
[474/1188] Building CXX object platforms/nuttx/src/px4/common/CMakeFiles/px4_layer.dir/px4_crypto.cpp.obj
[475/1188] Building CXX object platforms/nuttx/src/px4/common/CMakeFiles/px4_layer.dir/tasks.cpp.obj
[476/1188] Building CXX object platforms/nuttx/src/px4/common/CMakeFiles/px4_layer.dir/px4_manifest.cpp.obj
[477/1188] Building CXX object platforms/nuttx/src/px4/common/CMakeFiles/px4_layer.dir/__/__/__/__/common/Serial.cpp.obj
[478/1188] Building CXX object platforms/nuttx/src/px4/common/CMakeFiles/px4_layer.dir/px4_init.cpp.obj
[479/1188] Building C object platforms/nuttx/src/px4/common/CMakeFiles/px4_layer.dir/progmem_dump.c.obj
[480/1188] Building CXX object platforms/nuttx/src/px4/common/CMakeFiles/px4_layer.dir/print_load.cpp.obj
[481/1188] Building C object platforms/nuttx/src/px4/common/CMakeFiles/px4_layer.dir/px4_24xxxx_mtd.c.obj
[482/1188] Building CXX object platforms/common/CMakeFiles/px4_platform.dir/i2c_spi_buses.cpp.obj
[483/1188] Building CXX object src/lib/drivers/led/CMakeFiles/drivers__led.dir/led.cpp.obj
[484/1188] Building CXX object platforms/nuttx/src/px4/common/CMakeFiles/px4_layer.dir/px4_mtd.cpp.obj
[485/1188] Building CXX object src/lib/drivers/device/CMakeFiles/drivers__device.dir/CDev.cpp.obj
[486/1188] Building CXX object src/lib/circuit_breaker/CMakeFiles/circuit_breaker.dir/circuit_breaker.cpp.obj
[487/1188] Building CXX object src/lib/cdev/CMakeFiles/cdev.dir/nuttx/cdev_platform.cpp.obj
[488/1188] Building CXX object src/lib/atmosphere/CMakeFiles/atmosphere.dir/atmosphere.cpp.obj
[489/1188] Building CXX object src/lib/ringbuffer/CMakeFiles/ringbuffer.dir/Ringbuffer.cpp.obj
[490/1188] Building CXX object src/lib/cdev/CMakeFiles/cdev.dir/CDev.cpp.obj
[491/1188] Building CXX object platforms/nuttx/src/px4/common/CMakeFiles/px4_layer.dir/SerialImpl.cpp.obj
[492/1188] Building CXX object src/lib/airspeed/CMakeFiles/airspeed.dir/airspeed.cpp.obj
[493/1188] Building CXX object src/lib/drivers/device/CMakeFiles/drivers__device.dir/nuttx/SPI.cpp.obj
[494/1188] Building CXX object src/lib/drivers/device/CMakeFiles/drivers__device.dir/nuttx/I2C.cpp.obj
[495/1188] Building C object src/lib/heatshrink/CMakeFiles/heatshrink.dir/heatshrink/heatshrink_decoder.c.obj
[496/1188] Building CXX object src/lib/hysteresis/CMakeFiles/hysteresis.dir/hysteresis.cpp.obj
[497/1188] Building CXX object src/lib/dataman_client/CMakeFiles/dataman_client.dir/DatamanTrace.cpp.obj
[498/1188] Building CXX object src/lib/drivers/magnetometer/CMakeFiles/drivers_magnetometer.dir/PX4Magnetometer.cpp.obj
[499/1188] Building CXX object src/lib/conversion/CMakeFiles/conversion.dir/rotation.cpp.obj
[500/1188] Building CXX object src/lib/drivers/accelerometer/CMakeFiles/drivers_accelerometer.dir/PX4Accelerometer.cpp.obj
[501/1188] Building CXX object src/lib/adsb/CMakeFiles/adsb.dir/AdsbConflict.cpp.obj
[502/1188] Building CXX object src/lib/drivers/gyroscope/CMakeFiles/drivers_gyroscope.dir/PX4Gyroscope.cpp.obj
[503/1188] Building CXX object src/lib/sensor_calibration/CMakeFiles/sensor_calibration.dir/Barometer.cpp.obj
[504/1188] Building CXX object src/lib/tunes/CMakeFiles/tunes.dir/default_tunes.cpp.obj
[505/1188] Building CXX object src/lib/parameters/CMakeFiles/parameters.dir/parameters.cpp.obj
[506/1188] Building CXX object src/lib/timesync/CMakeFiles/timesync.dir/Timesync.cpp.obj
[507/1188] Building CXX object src/lib/sensor_calibration/CMakeFiles/sensor_calibration.dir/Utilities.cpp.obj
[508/1188] Building CXX object src/lib/dataman_client/CMakeFiles/dataman_client.dir/DatamanClient.cpp.obj
[509/1188] Building CXX object src/lib/sensor_calibration/CMakeFiles/sensor_calibration.dir/Accelerometer.cpp.obj
[510/1188] Building CXX object src/lib/sensor_calibration/CMakeFiles/sensor_calibration.dir/Gyroscope.cpp.obj
[511/1188] Linking CXX static library src/lib/parameters/libparameters.a
[512/1188] Building CXX object src/lib/variable_length_ringbuffer/CMakeFiles/variable_length_ringbuffer.dir/VariableLengthRingbuffer.cpp.obj
[513/1188] Building CXX object src/lib/sensor_calibration/CMakeFiles/sensor_calibration.dir/Magnetometer.cpp.obj
[514/1188] Building CXX object src/lib/systemlib/CMakeFiles/systemlib.dir/mavlink_log.cpp.obj
[515/1188] Linking CXX static library platforms/nuttx/src/px4/stm/stm32h7/board_hw_info/libarch_board_hw_info.a
[516/1188] Building CXX object src/lib/tunes/CMakeFiles/tunes.dir/tunes.cpp.obj
[517/1188] Building CXX object src/lib/mathlib/CMakeFiles/mathlib.dir/math/test/test.cpp.obj
[518/1188] Linking CXX static library boards/px4/fmu-v6c/src/libdrivers_board.a
[519/1188] Building C object src/lib/systemlib/CMakeFiles/systemlib.dir/otp.c.obj
[520/1188] Building CXX object platforms/common/uORB/CMakeFiles/uORB.dir/uORBUtils.cpp.obj
[521/1188] Linking CXX static library platforms/common/px4_work_queue/libpx4_work_queue.a
[522/1188] Linking CXX static library platforms/common/libpx4_platform.a
[523/1188] Building CXX object platforms/common/uORB/CMakeFiles/uORB.dir/Subscription.cpp.obj
[524/1188] Building CXX object platforms/common/uORB/CMakeFiles/uORB.dir/SubscriptionInterval.cpp.obj
[525/1188] Linking C static library platforms/nuttx/src/px4/stm/stm32h7/version/libarch_version.a
[526/1188] Building CXX object platforms/common/uORB/CMakeFiles/uORB.dir/uORBMessageFields.cpp.obj
[527/1188] Linking CXX static library platforms/nuttx/src/px4/stm/stm32h7/spi/libarch_spi.a
[528/1188] Linking C static library platforms/nuttx/src/px4/stm/stm32h7/hrt/libarch_hrt.a
[529/1188] Building CXX object platforms/common/uORB/CMakeFiles/uORB.dir/uORBManager.cpp.obj
[530/1188] Linking CXX static library platforms/nuttx/src/px4/stm/stm32h7/board_reset/libarch_board_reset.a
[531/1188] Building CXX object platforms/common/uORB/CMakeFiles/uORB.dir/uORBDeviceMaster.cpp.obj
[532/1188] Linking C static library platforms/nuttx/src/px4/stm/stm32h7/board_critmon/libarch_board_critmon.a
[533/1188] Linking CXX static library platforms/nuttx/src/px4/stm/stm32h7/adc/libarch_adc.a
[534/1188] Building CXX object platforms/common/uORB/CMakeFiles/uORB.dir/uORBDeviceNode.cpp.obj
[535/1188] Linking CXX static library platforms/nuttx/src/px4/common/libpx4_layer.a
[536/1188] Building CXX object src/modules/ekf2/CMakeFiles/modules__ekf2_original.dir/EKF/control.cpp.obj
[537/1188] Building CXX object platforms/common/uORB/CMakeFiles/uORB.dir/uORB.cpp.obj
[538/1188] Linking CXX static library src/lib/drivers/led/libdrivers__led.a
[539/1188] Linking CXX static library src/lib/drivers/device/libdrivers__device.a
[540/1188] Linking CXX static library src/lib/cdev/libcdev.a
[541/1188] Linking CXX static library src/lib/atmosphere/libatmosphere.a
[542/1188] Building CXX object src/modules/ekf2/CMakeFiles/modules__ekf2_original.dir/EKF/height_control.cpp.obj
[543/1188] Linking CXX static library src/lib/circuit_breaker/libcircuit_breaker.a
[544/1188] Linking CXX static library src/lib/conversion/libconversion.a
[545/1188] Building CXX object src/modules/ekf2/CMakeFiles/modules__ekf2_original.dir/EKF/imu_down_sampler/imu_down_sampler.cpp.obj
[546/1188] Linking CXX static library src/lib/ringbuffer/libringbuffer.a
[547/1188] Building CXX object src/modules/ekf2/CMakeFiles/modules__ekf2_original.dir/EKF/velocity_fusion.cpp.obj
[548/1188] Linking CXX static library src/lib/adsb/libadsb.a
[549/1188] Linking CXX static library src/lib/airspeed/libairspeed.a
[550/1188] Linking CXX static library src/lib/dataman_client/libdataman_client.a
[551/1188] Linking CXX static library src/lib/drivers/accelerometer/libdrivers_accelerometer.a
[552/1188] Linking CXX static library src/lib/drivers/gyroscope/libdrivers_gyroscope.a
[553/1188] Linking CXX static library src/lib/drivers/magnetometer/libdrivers_magnetometer.a
[554/1188] Linking C static library src/lib/heatshrink/libheatshrink.a
[555/1188] Building CXX object src/modules/ekf2/CMakeFiles/modules__ekf2_original.dir/EKF/position_fusion.cpp.obj
[556/1188] Linking CXX static library src/lib/hysteresis/libhysteresis.a
[557/1188] Linking CXX static library src/lib/sensor_calibration/libsensor_calibration.a
[558/1188] Linking CXX static library src/lib/timesync/libtimesync.a
[559/1188] Linking CXX static library src/lib/tunes/libtunes.a
[560/1188] Linking CXX static library src/lib/variable_length_ringbuffer/libvariable_length_ringbuffer.a
[561/1188] Building CXX object src/modules/ekf2/CMakeFiles/modules__ekf2_original.dir/EKF/yaw_fusion.cpp.obj
[562/1188] Building CXX object src/modules/ekf2/CMakeFiles/modules__ekf2_original.dir/EKF/aid_sources/fake_height_control.cpp.obj
[563/1188] Building CXX object src/modules/ekf2/CMakeFiles/modules__ekf2_original.dir/EKF/estimator_interface.cpp.obj
[564/1188] Building CXX object src/modules/ekf2/CMakeFiles/modules__ekf2_original.dir/EKF/aid_sources/zero_innovation_heading_update.cpp.obj
[565/1188] Building CXX object src/modules/ekf2/CMakeFiles/modules__ekf2_original.dir/EKF/aid_sources/ZeroGyroUpdate.cpp.obj
[566/1188] Building CXX object src/modules/ekf2/CMakeFiles/modules__ekf2_original.dir/EKF/aid_sources/ZeroVelocityUpdate.cpp.obj
[567/1188] Building CXX object src/modules/ekf2/CMakeFiles/modules__ekf2_original.dir/EKF/aid_sources/fake_pos_control.cpp.obj
[568/1188] Building CXX object src/modules/ekf2/CMakeFiles/modules__ekf2_original.dir/EKF/ekf_helper.cpp.obj
[569/1188] Building CXX object src/modules/ekf2/CMakeFiles/modules__ekf2_original.dir/EKF/ekf.cpp.obj
[570/1188] Building CXX object src/modules/ekf2/CMakeFiles/modules__ekf2_original.dir/EKF/aid_sources/auxvel/auxvel_fusion.cpp.obj
[571/1188] Building CXX object src/modules/ekf2/CMakeFiles/modules__ekf2_original.dir/EKF/aid_sources/airspeed/airspeed_fusion.cpp.obj
[572/1188] Building CXX object src/modules/ekf2/CMakeFiles/modules__ekf2_original.dir/EKF/aid_sources/barometer/baro_height_control.cpp.obj
[573/1188] Building CXX object src/modules/ekf2/CMakeFiles/modules__ekf2_original.dir/EKF/aid_sources/external_vision/ev_height_control.cpp.obj
[574/1188] Building CXX object src/modules/ekf2/CMakeFiles/modules__ekf2_original.dir/EKF/aid_sources/aux_global_position/aux_global_position.cpp.obj
[575/1188] Building CXX object src/modules/ekf2/CMakeFiles/modules__ekf2_original.dir/EKF/aid_sources/gnss/gnss_checks.cpp.obj
[576/1188] Building CXX object src/modules/ekf2/CMakeFiles/modules__ekf2_original.dir/EKF/aid_sources/drag/drag_fusion.cpp.obj
[577/1188] Building CXX object src/modules/ekf2/CMakeFiles/modules__ekf2_original.dir/EKF/aid_sources/external_vision/ev_yaw_control.cpp.obj
[578/1188] Building CXX object src/modules/ekf2/CMakeFiles/modules__ekf2_original.dir/EKF/aid_sources/external_vision/ev_control.cpp.obj
[579/1188] Building CXX object src/modules/ekf2/CMakeFiles/modules__ekf2_original.dir/EKF/aid_sources/gnss/gnss_height_control.cpp.obj
[580/1188] Building CXX object src/modules/ekf2/CMakeFiles/modules__ekf2_original.dir/EKF/aid_sources/gnss/gnss_yaw_control.cpp.obj
[581/1188] Building CXX object src/modules/ekf2/CMakeFiles/modules__ekf2_original.dir/EKF/aid_sources/external_vision/ev_vel_control.cpp.obj
[582/1188] Building CXX object src/modules/ekf2/CMakeFiles/modules__ekf2_original.dir/EKF/aid_sources/external_vision/ev_pos_control.cpp.obj
[583/1188] Building CXX object src/modules/ekf2/CMakeFiles/modules__ekf2_original.dir/EKF/aid_sources/range_finder/range_finder_consistency_check.cpp.obj
[584/1188] Building CXX object src/modules/ekf2/CMakeFiles/modules__ekf2_original.dir/EKF/aid_sources/magnetometer/mag_fusion.cpp.obj
[585/1188] Building CXX object src/modules/ekf2/CMakeFiles/modules__ekf2_original.dir/EKF/aid_sources/gravity/gravity_fusion.cpp.obj
[586/1188] Building CXX object src/modules/ekf2/CMakeFiles/modules__ekf2_original.dir/EKF/aid_sources/range_finder/sensor_range_finder.cpp.obj
[587/1188] Building CXX object src/modules/ekf2/CMakeFiles/modules__ekf2_original.dir/EKF/aid_sources/range_finder/range_height_fusion.cpp.obj
[588/1188] Building CXX object src/modules/ekf2/CMakeFiles/modules__ekf2_original.dir/EKF/aid_sources/gnss/gps_control.cpp.obj
[589/1188] Building CXX object src/modules/ekf2/CMakeFiles/modules__ekf2_original.dir/EKF/terrain_control.cpp.obj
[590/1188] Building CXX object src/modules/ekf2/CMakeFiles/modules__ekf2_original.dir/EKF/aid_sources/optical_flow/optical_flow_fusion.cpp.obj
[591/1188] Building CXX object src/modules/ekf2/CMakeFiles/modules__ekf2_original.dir/EKF/aid_sources/sideslip/sideslip_fusion.cpp.obj
[592/1188] Building CXX object src/modules/ekf2/CMakeFiles/modules__ekf2_original.dir/AirspeedQualityMath.cpp.obj
[593/1188] Building CXX object src/modules/ekf2/CMakeFiles/modules__ekf2_original.dir/EKF/wind.cpp.obj
[594/1188] Building CXX object src/modules/ekf2/CMakeFiles/modules__ekf2_original.dir/EKF/aid_sources/range_finder/range_height_control.cpp.obj
[595/1188] Building CXX object src/modules/ekf2/CMakeFiles/modules__ekf2_original.dir/EKF/aid_sources/optical_flow/optical_flow_control.cpp.obj
[596/1188] Building CXX object src/modules/ekf2/CMakeFiles/modules__ekf2_original.dir/EKF/aid_sources/magnetometer/mag_control.cpp.obj
[597/1188] Building C object src/modules/mavlink/CMakeFiles/modules__mavlink_original.dir/mavlink.c.obj
[598/1188] Building CXX object src/modules/ekf2/CMakeFiles/modules__ekf2_original.dir/EKF/covariance.cpp.obj
[599/1188] Building CXX object src/modules/ekf2/CMakeFiles/modules__ekf2_original.dir/EKF2Selector.cpp.obj
[600/1188] Building CXX object src/modules/mavlink/CMakeFiles/modules__mavlink_original.dir/mavlink_command_sender.cpp.obj
[601/1188] Building CXX object src/modules/mavlink/CMakeFiles/modules__mavlink_original.dir/mavlink_rate_limiter.cpp.obj
[602/1188] Building CXX object src/modules/mavlink/CMakeFiles/modules__mavlink_original.dir/mavlink_shell.cpp.obj
[603/1188] Building CXX object src/modules/mavlink/CMakeFiles/modules__mavlink_original.dir/mavlink_simple_analyzer.cpp.obj
[604/1188] Building CXX object src/modules/mavlink/CMakeFiles/modules__mavlink_original.dir/mavlink_events.cpp.obj
[605/1188] Building CXX object src/modules/mavlink/CMakeFiles/modules__mavlink_original.dir/mavlink_log_handler.cpp.obj
[606/1188] Building CXX object src/modules/mavlink/CMakeFiles/modules__mavlink_original.dir/mavlink_ftp.cpp.obj
[607/1188] Building CXX object src/modules/mavlink/CMakeFiles/modules__mavlink_original.dir/mavlink_parameters.cpp.obj
[608/1188] Building CXX object src/modules/mavlink/CMakeFiles/modules__mavlink_original.dir/mavlink_mission.cpp.obj
[609/1188] Building CXX object src/modules/mavlink/CMakeFiles/modules__mavlink_original.dir/tune_publisher.cpp.obj
[610/1188] Building CXX object src/lib/events/CMakeFiles/events.dir/events.cpp.obj
[611/1188] Building CXX object src/modules/mavlink/CMakeFiles/modules__mavlink_original.dir/open_drone_id_translations.cpp.obj
[612/1188] Building CXX object src/modules/mavlink/CMakeFiles/modules__mavlink_original.dir/mavlink_stream.cpp.obj
[613/1188] Linking CXX static library src/lib/mathlib/libmathlib.a
[614/1188] Building CXX object src/modules/mavlink/CMakeFiles/modules__mavlink_original.dir/MavlinkStatustextHandler.cpp.obj
[615/1188] Building CXX object src/modules/mavlink/CMakeFiles/modules__mavlink_original.dir/mavlink_ulog.cpp.obj
[616/1188] Building CXX object src/modules/mavlink/CMakeFiles/modules__mavlink_original.dir/mavlink_main.cpp.obj
[617/1188] Building CXX object src/lib/motion_planning/CMakeFiles/motion_planning.dir/HeadingSmoothing.cpp.obj
[618/1188] Building CXX object src/lib/control_allocation/actuator_effectiveness/CMakeFiles/ActuatorEffectiveness.dir/ActuatorEffectiveness.cpp.obj
[619/1188] Building CXX object src/lib/motion_planning/CMakeFiles/motion_planning.dir/ManualVelocitySmoothingZ.cpp.obj
[620/1188] Building CXX object src/lib/motion_planning/CMakeFiles/motion_planning.dir/ManualVelocitySmoothingXY.cpp.obj
[621/1188] Linking CXX static library src/lib/systemlib/libsystemlib.a
[622/1188] Building CXX object src/lib/pid/CMakeFiles/PID.dir/PID.cpp.obj
[623/1188] Linking CXX static library platforms/common/uORB/libuORB.a
[624/1188] Building CXX object src/lib/motion_planning/CMakeFiles/motion_planning.dir/VelocitySmoothing.cpp.obj
[625/1188] Building CXX object src/modules/sensors/data_validator/CMakeFiles/data_validator.dir/DataValidator.cpp.obj
[626/1188] Building CXX object src/modules/sensors/data_validator/CMakeFiles/data_validator.dir/DataValidatorGroup.cpp.obj
[627/1188] Linking CXX static library src/lib/events/libevents.a
[628/1188] Building CXX object src/modules/mavlink/CMakeFiles/modules__mavlink_original.dir/mavlink_timesync.cpp.obj
[629/1188] Building CXX object src/lib/motion_planning/CMakeFiles/motion_planning.dir/PositionSmoothing.cpp.obj
[630/1188] Building CXX object src/lib/rtl/CMakeFiles/rtl_time_estimator.dir/rtl_time_estimator.cpp.obj
[631/1188] Building CXX object src/modules/dataman/CMakeFiles/modules__dataman.dir/dataman.cpp.obj
[632/1188] Linking CXX static library src/lib/control_allocation/actuator_effectiveness/libActuatorEffectiveness.a
[633/1188] Building CXX object src/modules/navigator/GeofenceBreachAvoidance/CMakeFiles/geofence_breach_avoidance.dir/geofence_breach_avoidance.cpp.obj
[634/1188] Building CXX object src/lib/button/CMakeFiles/button_publisher.dir/ButtonPublisher.cpp.obj
[635/1188] Building CXX object src/lib/control_allocation/control_allocation/CMakeFiles/ControlAllocation.dir/ControlAllocation.cpp.obj
[636/1188] Building CXX object src/lib/gnss/CMakeFiles/gnss.dir/rtcm.cpp.obj
[637/1188] Building CXX object src/lib/drivers/rangefinder/CMakeFiles/drivers_rangefinder.dir/PX4Rangefinder.cpp.obj
[638/1188] Building CXX object src/lib/drivers/smbus/CMakeFiles/drivers__smbus.dir/SMBus.cpp.obj
[639/1188] Linking CXX static library src/lib/motion_planning/libmotion_planning.a
[640/1188] Building CXX object src/lib/control_allocation/control_allocation/CMakeFiles/ControlAllocation.dir/ControlAllocationSequentialDesaturation.cpp.obj
[641/1188] Building CXX object src/lib/led/CMakeFiles/led.dir/led.cpp.obj
[642/1188] Building CXX object src/lib/mixer_module/CMakeFiles/mixer_module.dir/actuator_test.cpp.obj
[643/1188] Building CXX object src/lib/battery/CMakeFiles/battery.dir/battery.cpp.obj
[644/1188] Building CXX object src/lib/control_allocation/control_allocation/CMakeFiles/ControlAllocation.dir/ControlAllocationPseudoInverse.cpp.obj
[645/1188] Building CXX object src/lib/npfg/CMakeFiles/npfg.dir/AirspeedDirectionController.cpp.obj
[646/1188] Linking CXX static library src/lib/pid/libPID.a
[647/1188] Building CXX object src/lib/npfg/CMakeFiles/npfg.dir/CourseToAirspeedRefMapper.cpp.obj
[648/1188] Building CXX object src/lib/npfg/CMakeFiles/npfg.dir/DirectionalGuidance.cpp.obj
[649/1188] Linking CXX static library src/lib/rtl/librtl_time_estimator.a
[650/1188] Building CXX object src/lib/slew_rate/CMakeFiles/SlewRate.dir/dummy.cpp.obj
[651/1188] Building CXX object src/lib/fw_performance_model/CMakeFiles/performance_model.dir/PerformanceModel.cpp.obj
[652/1188] Building CXX object src/lib/system_identification/CMakeFiles/SystemIdentification.dir/system_identification.cpp.obj
[653/1188] Building CXX object src/lib/rate_control/CMakeFiles/RateControl.dir/rate_control.cpp.obj
[654/1188] Building CXX object src/lib/sticks/CMakeFiles/Sticks.dir/Sticks.cpp.obj
[655/1188] Building CXX object src/lib/rate_control/CMakeFiles/RateControl.dir/gain_compression.cpp.obj
[656/1188] Building C object platforms/nuttx/src/px4/stm/stm32h7/io_pins/CMakeFiles/arch_io_pins.dir/input_capture.c.obj
[657/1188] Building C object platforms/nuttx/src/px4/stm/stm32h7/io_pins/CMakeFiles/arch_io_pins.dir/pwm_servo.c.obj
[658/1188] Building C object platforms/nuttx/src/px4/stm/stm32h7/io_pins/CMakeFiles/arch_io_pins.dir/pwm_trigger.c.obj
[659/1188] Building C object platforms/nuttx/src/px4/stm/stm32h7/dshot/CMakeFiles/arch_dshot.dir/dshot.c.obj
[660/1188] Building CXX object src/lib/tecs/CMakeFiles/tecs.dir/TECS.cpp.obj
[661/1188] Building CXX object src/drivers/telemetry/hott/CMakeFiles/drivers__hott.dir/comms.cpp.obj
[662/1188] Building CXX object platforms/nuttx/src/px4/stm/stm32h7/tone_alarm/CMakeFiles/arch_tone_alarm.dir/ToneAlarmInterface.cpp.obj
[663/1188] Building CXX object platforms/nuttx/src/px4/stm/stm32h7/px4io_serial/CMakeFiles/arch_px4io_serial.dir/px4io_serial.cpp.obj
[664/1188] Building CXX object src/modules/commander/Arming/ArmAuthorization/CMakeFiles/ArmAuthorization.dir/ArmAuthorization.cpp.obj
[665/1188] Building CXX object src/drivers/telemetry/hott/CMakeFiles/drivers__hott.dir/messages.cpp.obj
[666/1188] Building C object platforms/nuttx/src/px4/stm/stm32h7/io_pins/CMakeFiles/arch_io_pins.dir/io_timer.c.obj
[667/1188] Building CXX object src/modules/commander/failsafe/CMakeFiles/failsafe.dir/failsafe.cpp.obj
[668/1188] Building CXX object src/lib/mixer_module/CMakeFiles/mixer_module.dir/mixer_module.cpp.obj
[669/1188] Building CXX object src/modules/commander/failure_detector/CMakeFiles/failure_detector.dir/FailureInjector.cpp.obj
[670/1188] Building CXX object src/modules/commander/HealthAndArmingChecks/CMakeFiles/health_and_arming_checks.dir/Common.cpp.obj
[671/1188] Building CXX object src/modules/commander/failsafe/CMakeFiles/failsafe.dir/framework.cpp.obj
[672/1188] Building CXX object src/modules/commander/HealthAndArmingChecks/CMakeFiles/health_and_arming_checks.dir/checks/armPermissionCheck.cpp.obj
[673/1188] Building CXX object src/modules/commander/HealthAndArmingChecks/CMakeFiles/health_and_arming_checks.dir/checks/airspeedCheck.cpp.obj
[674/1188] Building CXX object src/modules/commander/HealthAndArmingChecks/CMakeFiles/health_and_arming_checks.dir/checks/accelerometerCheck.cpp.obj
[675/1188] Building CXX object src/modules/commander/HealthAndArmingChecks/CMakeFiles/health_and_arming_checks.dir/checks/baroCheck.cpp.obj
[676/1188] Building CXX object src/modules/commander/failure_detector/CMakeFiles/failure_detector.dir/FailureDetector.cpp.obj
[677/1188] Building CXX object src/modules/commander/HealthAndArmingChecks/CMakeFiles/health_and_arming_checks.dir/checks/distanceSensorChecks.cpp.obj
[678/1188] Building CXX object src/modules/commander/HealthAndArmingChecks/CMakeFiles/health_and_arming_checks.dir/checks/cpuResourceCheck.cpp.obj
[679/1188] Building CXX object src/modules/commander/HealthAndArmingChecks/CMakeFiles/health_and_arming_checks.dir/checks/opticalFlowCheck.cpp.obj
[680/1188] Building CXX object src/modules/commander/HealthAndArmingChecks/CMakeFiles/health_and_arming_checks.dir/checks/escCheck.cpp.obj
[681/1188] Building CXX object src/modules/commander/HealthAndArmingChecks/CMakeFiles/health_and_arming_checks.dir/checks/batteryCheck.cpp.obj
[682/1188] Building CXX object src/modules/ekf2/CMakeFiles/modules__ekf2_original.dir/EKF2.cpp.obj
[683/1188] Building CXX object src/modules/mavlink/CMakeFiles/modules__mavlink_original.dir/mavlink_receiver.cpp.obj
[684/1188] Building CXX object src/modules/commander/HealthAndArmingChecks/CMakeFiles/health_and_arming_checks.dir/checks/flightTimeCheck.cpp.obj
[685/1188] Building CXX object src/modules/commander/HealthAndArmingChecks/CMakeFiles/health_and_arming_checks.dir/checks/failureDetectorCheck.cpp.obj
[686/1188] Linking CXX static library src/modules/ekf2/libmodules__ekf2_original.a
[687/1188] Building CXX object src/modules/commander/HealthAndArmingChecks/CMakeFiles/health_and_arming_checks.dir/checks/geofenceCheck.cpp.obj
[688/1188] Building CXX object src/modules/commander/HealthAndArmingChecks/CMakeFiles/health_and_arming_checks.dir/HealthAndArmingChecks.cpp.obj
[689/1188] Building CXX object src/modules/commander/HealthAndArmingChecks/CMakeFiles/health_and_arming_checks.dir/checks/homePositionCheck.cpp.obj
[690/1188] Building CXX object src/modules/commander/HealthAndArmingChecks/CMakeFiles/health_and_arming_checks.dir/checks/gyroCheck.cpp.obj
[691/1188] Building CXX object src/modules/commander/HealthAndArmingChecks/CMakeFiles/health_and_arming_checks.dir/checks/loggerCheck.cpp.obj
[692/1188] Building CXX object src/modules/commander/HealthAndArmingChecks/CMakeFiles/health_and_arming_checks.dir/checks/imuConsistencyCheck.cpp.obj
[693/1188] Building CXX object src/modules/commander/HealthAndArmingChecks/CMakeFiles/health_and_arming_checks.dir/checks/manualControlCheck.cpp.obj
[694/1188] Building CXX object src/modules/commander/HealthAndArmingChecks/CMakeFiles/health_and_arming_checks.dir/checks/missionCheck.cpp.obj
[695/1188] Building CXX object src/modules/commander/HealthAndArmingChecks/CMakeFiles/health_and_arming_checks.dir/checks/navigatorCheck.cpp.obj
[696/1188] Building CXX object src/modules/commander/HealthAndArmingChecks/CMakeFiles/health_and_arming_checks.dir/checks/modeCheck.cpp.obj
[697/1188] Building CXX object src/modules/commander/HealthAndArmingChecks/CMakeFiles/health_and_arming_checks.dir/checks/estimatorCheck.cpp.obj
[698/1188] Building CXX object src/modules/commander/HealthAndArmingChecks/CMakeFiles/health_and_arming_checks.dir/checks/parachuteCheck.cpp.obj
[699/1188] Building CXX object src/modules/commander/HealthAndArmingChecks/CMakeFiles/health_and_arming_checks.dir/checks/openDroneIDCheck.cpp.obj
[700/1188] Building CXX object src/modules/commander/HealthAndArmingChecks/CMakeFiles/health_and_arming_checks.dir/checks/magnetometerCheck.cpp.obj
[701/1188] Building CXX object src/modules/commander/HealthAndArmingChecks/CMakeFiles/health_and_arming_checks.dir/checks/offboardCheck.cpp.obj
[702/1188] Building CXX object src/modules/commander/HealthAndArmingChecks/CMakeFiles/health_and_arming_checks.dir/checks/sdcardCheck.cpp.obj
[703/1188] Building CXX object src/modules/commander/HealthAndArmingChecks/CMakeFiles/health_and_arming_checks.dir/checks/rcAndDataLinkCheck.cpp.obj
[704/1188] Building CXX object src/modules/commander/HealthAndArmingChecks/CMakeFiles/health_and_arming_checks.dir/checks/powerCheck.cpp.obj
[705/1188] Building CXX object src/modules/commander/HealthAndArmingChecks/CMakeFiles/health_and_arming_checks.dir/checks/systemCheck.cpp.obj
[706/1188] Building CXX object src/modules/commander/HealthAndArmingChecks/CMakeFiles/health_and_arming_checks.dir/checks/rcCalibrationCheck.cpp.obj
[707/1188] Building CXX object src/modules/commander/HealthAndArmingChecks/CMakeFiles/health_and_arming_checks.dir/checks/vtolCheck.cpp.obj
[708/1188] Building CXX object src/modules/commander/MulticopterThrowLaunch/CMakeFiles/MulticopterThrowLaunch.dir/MulticopterThrowLaunch.cpp.obj
[709/1188] Building CXX object src/modules/commander/HealthAndArmingChecks/CMakeFiles/health_and_arming_checks.dir/checks/windCheck.cpp.obj
[710/1188] Building CXX object src/modules/commander/HealthAndArmingChecks/CMakeFiles/health_and_arming_checks.dir/checks/externalChecks.cpp.obj
[711/1188] Building CXX object src/modules/control_allocator/VehicleActuatorEffectiveness/CMakeFiles/VehicleActuatorEffectiveness.dir/ActuatorEffectivenessUUV.cpp.obj
[712/1188] Building CXX object src/modules/control_allocator/VehicleActuatorEffectiveness/CMakeFiles/VehicleActuatorEffectiveness.dir/ActuatorEffectivenessMultirotor.cpp.obj
[713/1188] Building CXX object src/modules/control_allocator/VehicleActuatorEffectiveness/CMakeFiles/VehicleActuatorEffectiveness.dir/ActuatorEffectivenessCustom.cpp.obj
[714/1188] Building CXX object src/modules/control_allocator/VehicleActuatorEffectiveness/CMakeFiles/VehicleActuatorEffectiveness.dir/ActuatorEffectivenessControlSurfaces.cpp.obj
[715/1188] Building CXX object src/modules/control_allocator/VehicleActuatorEffectiveness/CMakeFiles/VehicleActuatorEffectiveness.dir/ActuatorEffectivenessMCTilt.cpp.obj
[716/1188] Building CXX object src/modules/control_allocator/VehicleActuatorEffectiveness/CMakeFiles/VehicleActuatorEffectiveness.dir/ActuatorEffectivenessFixedWing.cpp.obj
[717/1188] Building CXX object src/modules/control_allocator/VehicleActuatorEffectiveness/CMakeFiles/VehicleActuatorEffectiveness.dir/ActuatorEffectivenessTilts.cpp.obj
[718/1188] Building CXX object src/modules/control_allocator/VehicleActuatorEffectiveness/CMakeFiles/VehicleActuatorEffectiveness.dir/ActuatorEffectivenessRoverAckermann.cpp.obj
[719/1188] Building CXX object src/modules/control_allocator/VehicleActuatorEffectiveness/CMakeFiles/VehicleActuatorEffectiveness.dir/ActuatorEffectivenessHelicopterCoaxial.cpp.obj
[720/1188] modules__ekf2 merging source
[721/1188] Building CXX object src/modules/mavlink/CMakeFiles/modules__mavlink_original.dir/mavlink_messages.cpp.obj
[722/1188] Building CXX object src/modules/control_allocator/VehicleActuatorEffectiveness/CMakeFiles/VehicleActuatorEffectiveness.dir/ActuatorEffectivenessHelicopter.cpp.obj
[723/1188] Linking CXX static library src/modules/dataman/libmodules__dataman.a
[724/1188] Building CXX object src/modules/control_allocator/VehicleActuatorEffectiveness/CMakeFiles/VehicleActuatorEffectiveness.dir/ActuatorEffectivenessSpacecraft.cpp.obj
[725/1188] Linking CXX static library src/modules/navigator/GeofenceBreachAvoidance/libgeofence_breach_avoidance.a
[726/1188] Building CXX object src/modules/control_allocator/VehicleActuatorEffectiveness/CMakeFiles/VehicleActuatorEffectiveness.dir/ActuatorEffectivenessTailsitterVTOL.cpp.obj
[727/1188] Building CXX object src/modules/control_allocator/VehicleActuatorEffectiveness/CMakeFiles/VehicleActuatorEffectiveness.dir/RpmControl.cpp.obj
[728/1188] Building CXX object src/modules/control_allocator/VehicleActuatorEffectiveness/CMakeFiles/VehicleActuatorEffectiveness.dir/ActuatorEffectivenessRotors.cpp.obj
[729/1188] Building CXX object src/modules/control_allocator/VehicleActuatorEffectiveness/CMakeFiles/VehicleActuatorEffectiveness.dir/ActuatorEffectivenessStandardVTOL.cpp.obj
[730/1188] Linking CXX static library src/modules/mavlink/libmodules__mavlink_original.a
[731/1188] modules__mavlink merging source
[732/1188] Linking CXX static library src/modules/sensors/data_validator/libdata_validator.a
[733/1188] Building CXX object src/modules/control_allocator/VehicleActuatorEffectiveness/CMakeFiles/VehicleActuatorEffectiveness.dir/ActuatorEffectivenessTiltrotorVTOL.cpp.obj
[734/1188] Building CXX object src/modules/fw_mode_manager/launchdetection/CMakeFiles/launchdetection.dir/LaunchDetector.cpp.obj
[735/1188] Building CXX object src/modules/sensors/vehicle_gps_position/CMakeFiles/vehicle_gps_position.dir/PpsTimeSync.cpp.obj
[736/1188] Building CXX object src/modules/fw_mode_manager/runway_takeoff/CMakeFiles/runway_takeoff.dir/RunwayTakeoff.cpp.obj
[737/1188] Building CXX object src/modules/wing_phase/CMakeFiles/wing_phase_math.dir/WingPhaseMath.cpp.obj
[738/1188] Building CXX object src/modules/sensors/vehicle_gps_position/CMakeFiles/vehicle_gps_position.dir/VehicleGPSPosition.cpp.obj
[739/1188] Linking CXX static library src/lib/battery/libbattery.a
[740/1188] Building CXX object src/modules/sensors/vehicle_gps_position/CMakeFiles/vehicle_gps_position.dir/gps_blending.cpp.obj
[741/1188] Linking CXX static library src/lib/button/libbutton_publisher.a
[742/1188] Linking CXX static library src/lib/drivers/rangefinder/libdrivers_rangefinder.a
[743/1188] Linking CXX static library src/lib/control_allocation/control_allocation/libControlAllocation.a
[744/1188] Linking CXX static library src/lib/gnss/libgnss.a
[745/1188] Linking CXX static library src/lib/drivers/smbus/libdrivers__smbus.a
[746/1188] Building CXX object src/modules/navigator/MissionFeasibility/CMakeFiles/mission_feasibility_checker.dir/FeasibilityChecker.cpp.obj
[747/1188] Linking CXX static library src/lib/led/libled.a
[748/1188] Linking CXX static library src/lib/mixer_module/libmixer_module.a
[749/1188] Linking CXX static library src/lib/npfg/libnpfg.a
[750/1188] Linking CXX static library src/lib/fw_performance_model/libperformance_model.a
[751/1188] Linking CXX static library src/lib/rate_control/libRateControl.a
[752/1188] Linking CXX static library src/lib/slew_rate/libSlewRate.a
[753/1188] Building CXX object src/modules/sensors/vehicle_air_data/CMakeFiles/vehicle_air_data.dir/VehicleAirData.cpp.obj
[754/1188] Linking CXX static library src/lib/sticks/libSticks.a
[755/1188] Linking CXX static library src/lib/system_identification/libSystemIdentification.a
[756/1188] Linking CXX static library src/lib/tecs/libtecs.a
[757/1188] Linking C static library platforms/nuttx/src/px4/stm/stm32h7/dshot/libarch_dshot.a
[758/1188] Linking CXX static library platforms/nuttx/src/px4/stm/stm32h7/io_pins/libarch_io_pins.a
[759/1188] Linking CXX static library platforms/nuttx/src/px4/stm/stm32h7/tone_alarm/libarch_tone_alarm.a
[760/1188] Linking CXX static library platforms/nuttx/src/px4/stm/stm32h7/px4io_serial/libarch_px4io_serial.a
[761/1188] Building CXX object src/modules/sensors/vehicle_acceleration/CMakeFiles/vehicle_acceleration.dir/VehicleAcceleration.cpp.obj
[762/1188] Building CXX object src/drivers/actuators/vertiq_io/CMakeFiles/drivers__actuators__vertiq_io.dir/vertiq_serial_interface.cpp.obj
[763/1188] Building CXX object src/modules/sensors/vehicle_optical_flow/CMakeFiles/vehicle_optical_flow.dir/VehicleOpticalFlow.cpp.obj
[764/1188] Building CXX object src/modules/sensors/vehicle_magnetometer/CMakeFiles/vehicle_magnetometer.dir/VehicleMagnetometer.cpp.obj
[765/1188] Building CXX object src/drivers/actuators/vertiq_io/CMakeFiles/drivers__actuators__vertiq_io.dir/vertiq_client_manager.cpp.obj
[766/1188] Building CXX object src/drivers/actuators/vertiq_io/CMakeFiles/drivers__actuators__vertiq_io.dir/vertiq_telemetry_manager.cpp.obj
[767/1188] Building CXX object src/drivers/barometer/ms5611/CMakeFiles/drivers__barometer__ms5611.dir/ms5611_spi.cpp.obj
[768/1188] Building CXX object src/drivers/barometer/ms5611/CMakeFiles/drivers__barometer__ms5611.dir/ms5611_i2c.cpp.obj
[769/1188] Building CXX object src/drivers/actuators/vertiq_io/CMakeFiles/drivers__actuators__vertiq_io.dir/vertiq_configuration_handler.cpp.obj
[770/1188] Building CXX object src/drivers/adc/board_adc/CMakeFiles/drivers__board_adc.dir/ADC.cpp.obj
[771/1188] Building CXX object src/drivers/barometer/ms5611/CMakeFiles/drivers__barometer__ms5611.dir/ms5611_main.cpp.obj
[772/1188] Building CXX object src/drivers/camera_trigger/CMakeFiles/drivers__camera_trigger.dir/interfaces/src/camera_interface.cpp.obj
[773/1188] Building CXX object src/drivers/barometer/ms5611/CMakeFiles/drivers__barometer__ms5611.dir/ms5611.cpp.obj
[774/1188] Building CXX object src/drivers/camera_trigger/CMakeFiles/drivers__camera_trigger.dir/interfaces/src/pwm.cpp.obj
[775/1188] Building CXX object src/drivers/camera_trigger/CMakeFiles/drivers__camera_trigger.dir/interfaces/src/seagull_map2.cpp.obj
[776/1188] Building CXX object src/drivers/camera_trigger/CMakeFiles/drivers__camera_trigger.dir/interfaces/src/gpio.cpp.obj
[777/1188] Building CXX object src/drivers/actuators/vertiq_io/CMakeFiles/drivers__actuators__vertiq_io.dir/vertiq_io.cpp.obj
[778/1188] Building CXX object src/drivers/camera_capture/CMakeFiles/drivers__camera_capture.dir/camera_capture.cpp.obj
[779/1188] Building CXX object src/drivers/batt_smbus/CMakeFiles/drivers__batt_smbus.dir/batt_smbus.cpp.obj
[780/1188] Building CXX object src/drivers/differential_pressure/ms5525dso/CMakeFiles/drivers__differential_pressure__ms5525dso.dir/ms5525dso_main.cpp.obj
[781/1188] Building CXX object src/drivers/differential_pressure/ms4525do/CMakeFiles/drivers__differential_pressure__ms4525do.dir/ms4525do_main.cpp.obj
[782/1188] Building CXX object src/drivers/differential_pressure/sdp3x/CMakeFiles/drivers__differential_pressure__sdp3x.dir/sdp3x_main.cpp.obj
[783/1188] Building CXX object src/drivers/camera_trigger/CMakeFiles/drivers__camera_trigger.dir/camera_trigger.cpp.obj
[784/1188] Building CXX object src/drivers/differential_pressure/ms4525do/CMakeFiles/drivers__differential_pressure__ms4525do.dir/MS4525DO.cpp.obj
[785/1188] Building CXX object src/drivers/distance_sensor/lightware_laser_serial/CMakeFiles/drivers__distance_sensor__lightware_laser_serial.dir/parser.cpp.obj
[786/1188] Building CXX object src/drivers/differential_pressure/ms5525dso/CMakeFiles/drivers__differential_pressure__ms5525dso.dir/MS5525DSO.cpp.obj
[787/1188] Building CXX object src/drivers/differential_pressure/sdp3x/CMakeFiles/drivers__differential_pressure__sdp3x.dir/SDP3X.cpp.obj
[788/1188] Building CXX object src/drivers/distance_sensor/lightware_laser_serial/CMakeFiles/drivers__distance_sensor__lightware_laser_serial.dir/lightware_laser_serial_main.cpp.obj
[789/1188] Building CXX object src/drivers/cdcacm_autostart/CMakeFiles/drivers__cdcacm_autostart.dir/cdcacm_autostart.cpp.obj
[790/1188] Building CXX object src/drivers/distance_sensor/lightware_laser_serial/CMakeFiles/drivers__distance_sensor__lightware_laser_serial.dir/lightware_laser_serial.cpp.obj
[791/1188] Building CXX object src/drivers/distance_sensor/ll40ls/CMakeFiles/drivers__ll40ls.dir/ll40ls.cpp.obj
[792/1188] Building CXX object src/drivers/distance_sensor/tf02pro/CMakeFiles/drivers__distance_sensor__tf02pro.dir/tf02pro_main.cpp.obj
[793/1188] Building CXX object src/drivers/distance_sensor/tfmini/CMakeFiles/drivers__tfmini.dir/tfmini_parser.cpp.obj
[794/1188] Building CXX object src/drivers/distance_sensor/tfmini/CMakeFiles/drivers__tfmini.dir/TFMINI.cpp.obj
[795/1188] Building CXX object src/drivers/distance_sensor/tf02pro/CMakeFiles/drivers__distance_sensor__tf02pro.dir/TF02PRO.cpp.obj
[796/1188] Building CXX object src/drivers/distance_sensor/tfmini/CMakeFiles/drivers__tfmini.dir/tfmini_main.cpp.obj
[797/1188] Building CXX object src/drivers/distance_sensor/ulanding_radar/CMakeFiles/drivers__distance_sensor__ulanding_radar.dir/AerotennaULanding.cpp.obj
[798/1188] Building CXX object src/modules/sensors/vehicle_angular_velocity/CMakeFiles/vehicle_angular_velocity.dir/VehicleAngularVelocity.cpp.obj
[799/1188] Building CXX object src/drivers/distance_sensor/ll40ls/CMakeFiles/drivers__ll40ls.dir/LidarLiteI2C.cpp.obj
[800/1188] Building CXX object src/drivers/dshot/CMakeFiles/drivers__dshot.dir/DShotTelemetry.cpp.obj
[801/1188] Building CXX object src/drivers/distance_sensor/lightware_laser_i2c/CMakeFiles/drivers__distance_sensor__lightware_laser_i2c.dir/lightware_laser_i2c.cpp.obj
[802/1188] Building CXX object src/drivers/distance_sensor/ulanding_radar/CMakeFiles/drivers__distance_sensor__ulanding_radar.dir/ulanding_radar_main.cpp.obj
[803/1188] Building CXX object src/drivers/gnss/septentrio/CMakeFiles/driver__septentrio.dir/util.cpp.obj
[804/1188] Building CXX object src/drivers/gnss/septentrio/CMakeFiles/driver__septentrio.dir/rtcm.cpp.obj
[805/1188] Building CXX object src/drivers/encoder/as5600/CMakeFiles/drivers__encoder__as5600.dir/as5600_main.cpp.obj
[806/1188] Building CXX object src/drivers/gnss/septentrio/CMakeFiles/driver__septentrio.dir/sbf/decoder.cpp.obj
[807/1188] Building CXX object src/drivers/gps/CMakeFiles/drivers__gps.dir/devices/src/crc.cpp.obj
[808/1188] Building CXX object src/modules/sensors/vehicle_imu/CMakeFiles/vehicle_imu.dir/VehicleIMU.cpp.obj
[809/1188] Building CXX object src/drivers/gps/CMakeFiles/drivers__gps.dir/devices/src/gps_helper.cpp.obj
[810/1188] Building CXX object src/drivers/distance_sensor/vl53l0x/CMakeFiles/drivers__distance_sensor__vl53l0x.dir/VL53L0X.cpp.obj
[811/1188] Building CXX object src/drivers/encoder/as5600/CMakeFiles/drivers__encoder__as5600.dir/AS5600.cpp.obj
[812/1188] Building CXX object src/drivers/distance_sensor/vl53l1x/CMakeFiles/drivers__distance_sensor__vl53l1x.dir/vl53l1x.cpp.obj
[813/1188] Building CXX object src/drivers/gps/CMakeFiles/drivers__gps.dir/devices/src/mtk.cpp.obj
[814/1188] Building CXX object src/drivers/gps/CMakeFiles/drivers__gps.dir/devices/src/rtcm.cpp.obj
[815/1188] Building CXX object src/drivers/gps/CMakeFiles/drivers__gps.dir/devices/src/unicore.cpp.obj
[816/1188] Building CXX object src/drivers/gps/CMakeFiles/drivers__gps.dir/devices/src/emlid_reach.cpp.obj
[817/1188] Building CXX object src/drivers/gps/CMakeFiles/drivers__gps.dir/devices/src/femtomes.cpp.obj
[818/1188] Building CXX object src/drivers/imu/bosch/bmi055/CMakeFiles/drivers__imu__bosch__bmi055.dir/BMI055.cpp.obj
[819/1188] Building CXX object src/drivers/dshot/CMakeFiles/drivers__dshot.dir/DShot.cpp.obj
[820/1188] Building CXX object src/drivers/heater/CMakeFiles/drivers__heater.dir/heater.cpp.obj
[821/1188] Building CXX object src/drivers/gps/CMakeFiles/drivers__gps.dir/devices/src/ashtech.cpp.obj
[822/1188] Building CXX object src/drivers/gps/CMakeFiles/drivers__gps.dir/devices/src/nmea.cpp.obj
[823/1188] Building CXX object src/drivers/imu/bosch/bmi055/CMakeFiles/drivers__imu__bosch__bmi055.dir/BMI055_Accelerometer.cpp.obj
[824/1188] Building CXX object src/drivers/imu/bosch/bmi055/CMakeFiles/drivers__imu__bosch__bmi055.dir/bmi055_main.cpp.obj
[825/1188] Building CXX object src/drivers/imu/bosch/bmi088/CMakeFiles/drivers__imu__bosch__bmi088.dir/bmi088_main.cpp.obj
[826/1188] Building CXX object src/drivers/gps/CMakeFiles/drivers__gps.dir/gps.cpp.obj
[827/1188] Building CXX object src/drivers/imu/bosch/bmi088/CMakeFiles/drivers__imu__bosch__bmi088.dir/BMI088.cpp.obj
[828/1188] Building CXX object src/drivers/imu/bosch/bmi055/CMakeFiles/drivers__imu__bosch__bmi055.dir/BMI055_Gyroscope.cpp.obj
[829/1188] Building CXX object src/drivers/gnss/septentrio/CMakeFiles/driver__septentrio.dir/septentrio.cpp.obj
[830/1188] Building CXX object src/drivers/imu/invensense/icm42688p/CMakeFiles/drivers__imu__invensense__icm42688p.dir/icm42688p_main.cpp.obj
[831/1188] Building CXX object src/drivers/imu/bosch/bmi088/CMakeFiles/drivers__imu__bosch__bmi088.dir/BMI088_Accelerometer.cpp.obj
[832/1188] Building CXX object src/drivers/imu/bosch/bmi088/CMakeFiles/drivers__imu__bosch__bmi088.dir/BMI088_Gyroscope.cpp.obj
[833/1188] Building CXX object src/drivers/gps/CMakeFiles/drivers__gps.dir/devices/src/ubx.cpp.obj
[834/1188] Building CXX object src/drivers/lights/rgbled/CMakeFiles/drivers__rgbled.dir/rgbled.cpp.obj
[835/1188] Building CXX object src/drivers/lights/rgbled_aw2023/CMakeFiles/drivers__rgbled_aw2023.dir/rgbled_aw2023.cpp.obj
[836/1188] Building CXX object src/drivers/lights/rgbled_lp5562/CMakeFiles/drivers__rgbled_lp5562.dir/rgbled_lp5562.cpp.obj
[837/1188] Building CXX object src/drivers/magnetometer/akm/ak09916/CMakeFiles/drivers__magnetometer__akm__ak09916.dir/ak09916_main.cpp.obj
[838/1188] Building CXX object src/drivers/magnetometer/akm/ak09916/CMakeFiles/drivers__magnetometer__akm__ak09916.dir/AK09916.cpp.obj
[839/1188] Building CXX object src/drivers/lights/rgbled_is31fl3195/CMakeFiles/drivers__rgbled_is31fl3195.dir/rgbled_is31fl3195.cpp.obj
[840/1188] Building CXX object src/drivers/lights/rgbled_ncp5623c/CMakeFiles/drivers__rgbled_ncp5623c.dir/rgbled_ncp5623c.cpp.obj
[841/1188] Building CXX object src/drivers/magnetometer/akm/ak8963/CMakeFiles/drivers__magnetometer__akm__ak8963.dir/AK8963.cpp.obj
[842/1188] Building CXX object src/drivers/magnetometer/akm/ak8963/CMakeFiles/drivers__magnetometer__akm__ak8963.dir/ak8963_main.cpp.obj
[843/1188] Building CXX object src/drivers/imu/invensense/icm42688p/CMakeFiles/drivers__imu__invensense__icm42688p.dir/ICM42688P.cpp.obj
[844/1188] Building CXX object src/drivers/magnetometer/bosch/bmm150/CMakeFiles/drivers__magnetometer__bosch__bmm150.dir/bmm150_main.cpp.obj
[845/1188] Building CXX object src/drivers/magnetometer/hmc5883/CMakeFiles/drivers__hmc5883.dir/hmc5883_spi.cpp.obj
[846/1188] Building CXX object src/drivers/magnetometer/hmc5883/CMakeFiles/drivers__hmc5883.dir/hmc5883_i2c.cpp.obj
[847/1188] Building CXX object src/drivers/magnetometer/bosch/bmm150/CMakeFiles/drivers__magnetometer__bosch__bmm150.dir/BMM150.cpp.obj
[848/1188] Building CXX object src/drivers/magnetometer/bosch/bmm350/CMakeFiles/drivers__magnetometer__bosch__bmm350.dir/bmm350_main.cpp.obj
[849/1188] Building CXX object src/drivers/magnetometer/hmc5883/CMakeFiles/drivers__hmc5883.dir/hmc5883_main.cpp.obj
[850/1188] Building CXX object src/drivers/magnetometer/hmc5883/CMakeFiles/drivers__hmc5883.dir/HMC5883.cpp.obj
[851/1188] Building CXX object src/drivers/magnetometer/isentek/ist8308/CMakeFiles/drivers__magnetometer__isentek__ist8308.dir/ist8308_main.cpp.obj
[852/1188] Building CXX object src/drivers/magnetometer/isentek/ist8308/CMakeFiles/drivers__magnetometer__isentek__ist8308.dir/IST8308.cpp.obj
[853/1188] Building CXX object src/drivers/magnetometer/bosch/bmm350/CMakeFiles/drivers__magnetometer__bosch__bmm350.dir/BMM350.cpp.obj
[854/1188] Building CXX object src/drivers/magnetometer/lis3mdl/CMakeFiles/drivers__magnetometer__lis3mdl.dir/lis3mdl_i2c.cpp.obj
[855/1188] Building CXX object src/drivers/magnetometer/isentek/ist8310/CMakeFiles/drivers__magnetometer__isentek__ist8310.dir/ist8310_main.cpp.obj
[856/1188] Building CXX object src/drivers/magnetometer/lis3mdl/CMakeFiles/drivers__magnetometer__lis3mdl.dir/lis3mdl_main.cpp.obj
[857/1188] Building CXX object src/drivers/magnetometer/lis3mdl/CMakeFiles/drivers__magnetometer__lis3mdl.dir/lis3mdl_spi.cpp.obj
[858/1188] Building CXX object src/drivers/magnetometer/isentek/ist8310/CMakeFiles/drivers__magnetometer__isentek__ist8310.dir/IST8310.cpp.obj
[859/1188] Building CXX object src/drivers/magnetometer/lsm303agr/CMakeFiles/drivers__magnetometer__lsm303agr.dir/lsm303agr_main.cpp.obj
[860/1188] Building CXX object src/drivers/magnetometer/memsic/mmc5983ma/CMakeFiles/drivers__magnetometer__memsic__mmc5983ma.dir/mmc5983ma_main.cpp.obj
[861/1188] Building CXX object src/drivers/magnetometer/memsic/mmc5983ma/CMakeFiles/drivers__magnetometer__memsic__mmc5983ma.dir/mmc5983ma_i2c.cpp.obj
[862/1188] Building CXX object src/drivers/magnetometer/memsic/mmc5983ma/CMakeFiles/drivers__magnetometer__memsic__mmc5983ma.dir/mmc5983ma.cpp.obj
[863/1188] Building CXX object src/drivers/magnetometer/qmc5883l/CMakeFiles/drivers__magnetometer__qmc5883l.dir/qmc5883l_main.cpp.obj
[864/1188] Building CXX object src/drivers/magnetometer/lis3mdl/CMakeFiles/drivers__magnetometer__lis3mdl.dir/lis3mdl.cpp.obj
[865/1188] Building CXX object src/drivers/magnetometer/memsic/mmc5983ma/CMakeFiles/drivers__magnetometer__memsic__mmc5983ma.dir/mmc5983ma_spi.cpp.obj
[866/1188] Building CXX object src/drivers/magnetometer/lsm303agr/CMakeFiles/drivers__magnetometer__lsm303agr.dir/LSM303AGR.cpp.obj
[867/1188] Building CXX object src/drivers/magnetometer/rm3100/CMakeFiles/drivers__rm3100.dir/rm3100_spi.cpp.obj
[868/1188] Building CXX object src/drivers/magnetometer/qmc5883l/CMakeFiles/drivers__magnetometer__qmc5883l.dir/QMC5883L.cpp.obj
[869/1188] Building CXX object src/drivers/magnetometer/qmc5883p/CMakeFiles/drivers__magnetometer__qmc5883p.dir/qmc5883p_main.cpp.obj
[870/1188] Building CXX object src/drivers/magnetometer/rm3100/CMakeFiles/drivers__rm3100.dir/rm3100_i2c.cpp.obj
[871/1188] Building CXX object src/drivers/magnetometer/rm3100/CMakeFiles/drivers__rm3100.dir/rm3100_main.cpp.obj
[872/1188] Building CXX object src/drivers/magnetometer/qmc5883p/CMakeFiles/drivers__magnetometer__qmc5883p.dir/QMC5883P.cpp.obj
[873/1188] Building CXX object src/drivers/magnetometer/st/iis2mdc/CMakeFiles/drivers__magnetometer__st__iis2mdc.dir/iis2mdc_i2c.cpp.obj
[874/1188] Building CXX object src/drivers/magnetometer/rm3100/CMakeFiles/drivers__rm3100.dir/rm3100.cpp.obj
[875/1188] Building CXX object src/drivers/magnetometer/st/iis2mdc/CMakeFiles/drivers__magnetometer__st__iis2mdc.dir/iis2mdc_main.cpp.obj
[876/1188] Building CXX object src/drivers/magnetometer/st/iis2mdc/CMakeFiles/drivers__magnetometer__st__iis2mdc.dir/iis2mdc.cpp.obj
[877/1188] Building CXX object src/drivers/px4io/CMakeFiles/drivers__px4io.dir/px4io_serial.cpp.obj
[878/1188] Building CXX object src/drivers/power_monitor/ina228/CMakeFiles/drivers__ina228.dir/ina228_main.cpp.obj
[879/1188] Building CXX object src/drivers/power_monitor/ina226/CMakeFiles/drivers__ina226.dir/ina226_main.cpp.obj
[880/1188] Building CXX object src/drivers/px4io/CMakeFiles/drivers__px4io.dir/px4io_uploader.cpp.obj
[881/1188] Building CXX object src/drivers/power_monitor/ina238/CMakeFiles/drivers__ina238.dir/ina238_main.cpp.obj
[882/1188] Building CXX object src/drivers/rc/crsf_rc/CMakeFiles/drivers__rc__crsf_rc.dir/QueueBuffer.cpp.obj
[883/1188] Building CXX object src/drivers/rc/crsf_rc/CMakeFiles/drivers__rc__crsf_rc.dir/Crc8.cpp.obj
[884/1188] Building CXX object src/drivers/rc/crsf_rc/CMakeFiles/drivers__rc__crsf_rc.dir/CrsfParser.cpp.obj
[885/1188] Building CXX object src/drivers/power_monitor/ina226/CMakeFiles/drivers__ina226.dir/ina226.cpp.obj
[886/1188] Building CXX object src/drivers/power_monitor/ina238/CMakeFiles/drivers__ina238.dir/ina238.cpp.obj
[887/1188] Linking CXX static library src/drivers/telemetry/hott/libdrivers__hott.a
[888/1188] Building CXX object src/drivers/power_monitor/ina228/CMakeFiles/drivers__ina228.dir/ina228.cpp.obj
[889/1188] Building CXX object src/drivers/pwm_out/CMakeFiles/drivers__pwm_out.dir/PWMOut.cpp.obj
[890/1188] Building CXX object src/drivers/telemetry/frsky_telemetry/CMakeFiles/drivers__frsky_telemetry.dir/frsky_telemetry.cpp.obj
[891/1188] Building CXX object src/drivers/telemetry/hott/hott_sensors/CMakeFiles/drivers__hott__hott_sensors.dir/hott_sensors.cpp.obj
[892/1188] Building CXX object src/drivers/telemetry/frsky_telemetry/CMakeFiles/drivers__frsky_telemetry.dir/frsky_data.cpp.obj
[893/1188] Building CXX object src/drivers/telemetry/frsky_telemetry/CMakeFiles/drivers__frsky_telemetry.dir/sPort_data.cpp.obj
[894/1188] Building CXX object src/drivers/telemetry/hott/hott_telemetry/CMakeFiles/drivers__hott__hott_telemetry.dir/hott_telemetry.cpp.obj
[895/1188] Building CXX object src/drivers/telemetry/bst/CMakeFiles/drivers__bst.dir/bst.cpp.obj
[896/1188] Building CXX object src/drivers/rpm_capture/CMakeFiles/drivers__rpm_capture.dir/RPMCapture.cpp.obj
[897/1188] Building CXX object src/drivers/tone_alarm/CMakeFiles/drivers__tone_alarm.dir/ToneAlarm.cpp.obj
[898/1188] Building CXX object src/drivers/rc/crsf_rc/CMakeFiles/drivers__rc__crsf_rc.dir/CrsfRc.cpp.obj
[899/1188] Building CXX object src/drivers/px4io/CMakeFiles/drivers__px4io.dir/px4io.cpp.obj
[900/1188] Building CXX object src/drivers/uavcan/CMakeFiles/drivers__uavcan.dir/arming_status.cpp.obj
[901/1188] Building CXX object src/drivers/uavcan/CMakeFiles/drivers__uavcan.dir/beep.cpp.obj
[902/1188] Building CXX object src/drivers/uavcan/CMakeFiles/drivers__uavcan.dir/safety_state.cpp.obj
[903/1188] Building CXX object src/drivers/uavcan/CMakeFiles/drivers__uavcan.dir/rgbled.cpp.obj
[904/1188] Building CXX object src/drivers/uavcan/CMakeFiles/drivers__uavcan.dir/node_info.cpp.obj
[905/1188] Building CXX object src/drivers/uavcan/CMakeFiles/drivers__uavcan.dir/actuators/hardpoint.cpp.obj
[906/1188] Building CXX object src/drivers/uavcan/CMakeFiles/drivers__uavcan.dir/actuators/esc.cpp.obj
[907/1188] Building CXX object src/drivers/uavcan/CMakeFiles/drivers__uavcan.dir/actuators/servo.cpp.obj
[908/1188] Building CXX object src/drivers/uavcan/CMakeFiles/drivers__uavcan.dir/sensors/differential_pressure.cpp.obj
[909/1188] Building CXX object src/drivers/uavcan/CMakeFiles/drivers__uavcan.dir/sensors/baro.cpp.obj
[910/1188] Building CXX object src/drivers/uavcan/CMakeFiles/drivers__uavcan.dir/sensors/flow.cpp.obj
[911/1188] Building CXX object src/drivers/uavcan/CMakeFiles/drivers__uavcan.dir/sensors/airspeed.cpp.obj
[912/1188] Building CXX object src/drivers/uavcan/CMakeFiles/drivers__uavcan.dir/sensors/sensor_bridge.cpp.obj
[913/1188] Building CXX object src/drivers/uavcan/CMakeFiles/drivers__uavcan.dir/sensors/fuel_tank_status.cpp.obj
[914/1188] Building CXX object src/drivers/uavcan/CMakeFiles/drivers__uavcan.dir/sensors/gnss_relative.cpp.obj
[915/1188] Building CXX object src/drivers/uavcan/CMakeFiles/drivers__uavcan.dir/sensors/battery.cpp.obj
[916/1188] Building CXX object src/drivers/uavcan/CMakeFiles/drivers__uavcan.dir/remoteid.cpp.obj
[917/1188] Building CXX object src/drivers/uavcan/CMakeFiles/drivers__uavcan.dir/sensors/rangefinder.cpp.obj
[918/1188] Building CXX object src/drivers/uavcan/CMakeFiles/drivers__uavcan.dir/sensors/mag.cpp.obj
[919/1188] Building CXX object src/drivers/uavcan/CMakeFiles/drivers__uavcan.dir/sensors/accel.cpp.obj
[920/1188] Building CXX object src/drivers/uavcan/CMakeFiles/drivers__uavcan.dir/sensors/gyro.cpp.obj
[921/1188] Building CXX object src/drivers/uavcan/CMakeFiles/drivers__uavcan.dir/sensors/hygrometer.cpp.obj
[922/1188] Building CXX object src/drivers/uavcan/CMakeFiles/drivers__uavcan.dir/sensors/ice_status.cpp.obj
[923/1188] Building CXX object src/drivers/uavcan/CMakeFiles/drivers__uavcan.dir/sensors/safety_button.cpp.obj
[924/1188] Building CXX object src/modules/airspeed_selector/CMakeFiles/modules__airspeed_selector.dir/AirspeedValidator.cpp.obj
[925/1188] Building CXX object src/modules/battery_status/CMakeFiles/modules__battery_status.dir/analog_battery.cpp.obj
[926/1188] Building CXX object src/modules/battery_status/CMakeFiles/modules__battery_status.dir/battery_status.cpp.obj
[927/1188] Building CXX object src/modules/camera_feedback/CMakeFiles/modules__camera_feedback.dir/CameraFeedback.cpp.obj
[928/1188] Building CXX object src/modules/commander/CMakeFiles/modules__commander.dir/airspeed_calibration.cpp.obj
[929/1188] Building CXX object src/modules/commander/CMakeFiles/modules__commander.dir/baro_calibration.cpp.obj
[930/1188] Building CXX object src/modules/commander/CMakeFiles/modules__commander.dir/factory_calibration_storage.cpp.obj
[931/1188] Building CXX object src/modules/commander/CMakeFiles/modules__commander.dir/commander_helper.cpp.obj
[932/1188] Building CXX object src/modules/commander/CMakeFiles/modules__commander.dir/calibration_routines.cpp.obj
[933/1188] Building CXX object src/modules/commander/CMakeFiles/modules__commander.dir/esc_calibration.cpp.obj
[934/1188] Building CXX object src/modules/commander/CMakeFiles/modules__commander.dir/accelerometer_calibration.cpp.obj
[935/1188] Building CXX object src/modules/commander/CMakeFiles/modules__commander.dir/gyro_calibration.cpp.obj
[936/1188] Building CXX object src/modules/commander/CMakeFiles/modules__commander.dir/level_calibration.cpp.obj
[937/1188] Building CXX object src/modules/airspeed_selector/CMakeFiles/modules__airspeed_selector.dir/airspeed_selector_main.cpp.obj
[938/1188] Building CXX object src/modules/commander/CMakeFiles/modules__commander.dir/HomePosition.cpp.obj
[939/1188] Building CXX object src/modules/commander/CMakeFiles/modules__commander.dir/ModeManagement.cpp.obj
[940/1188] Building CXX object src/modules/commander/CMakeFiles/modules__commander.dir/Safety.cpp.obj
[941/1188] Building CXX object src/drivers/uavcan/CMakeFiles/drivers__uavcan.dir/sensors/gnss.cpp.obj
[942/1188] Building CXX object src/modules/commander/CMakeFiles/modules__commander.dir/rc_calibration.cpp.obj
[943/1188] Linking CXX static library src/modules/commander/Arming/ArmAuthorization/libArmAuthorization.a
[944/1188] Building CXX object src/modules/commander/CMakeFiles/modules__commander.dir/lm_fit.cpp.obj
[945/1188] Linking CXX static library src/modules/commander/failsafe/libfailsafe.a
[946/1188] Linking CXX static library src/modules/commander/failure_detector/libfailure_detector.a
[947/1188] Linking CXX static library src/modules/commander/MulticopterThrowLaunch/libMulticopterThrowLaunch.a
[948/1188] Linking CXX static library src/modules/control_allocator/VehicleActuatorEffectiveness/libVehicleActuatorEffectiveness.a
[949/1188] Linking CXX static library src/modules/commander/HealthAndArmingChecks/libhealth_and_arming_checks.a
[950/1188] Building CXX object src/modules/commander/CMakeFiles/modules__commander.dir/worker_thread.cpp.obj
[951/1188] Building CXX object src/modules/commander/CMakeFiles/modules__commander.dir/UserModeIntention.cpp.obj
[952/1188] Building CXX object src/modules/events/CMakeFiles/modules__events.dir/rc_loss_alarm.cpp.obj
[953/1188] Building CXX object src/modules/events/CMakeFiles/modules__events.dir/set_leds.cpp.obj
[954/1188] Building CXX object src/modules/events/CMakeFiles/modules__events.dir/status_display.cpp.obj
[955/1188] Building CXX object src/modules/events/CMakeFiles/modules__events.dir/send_event.cpp.obj
[956/1188] Building CXX object src/modules/esc_battery/CMakeFiles/modules__esc_battery.dir/EscBattery.cpp.obj
[957/1188] Building CXX object src/drivers/uavcan/CMakeFiles/drivers__uavcan.dir/uavcan_servers.cpp.obj
[958/1188] Building CXX object src/modules/flap_aug_shadow/CMakeFiles/modules__flap_aug_shadow.dir/fast_predictor.cpp.obj
[959/1188] Building CXX object src/modules/flap_aug_shadow/CMakeFiles/modules__flap_aug_shadow.dir/slow_engineering_shadow.cpp.obj
[960/1188] Building CXX object src/modules/fw_att_control/CMakeFiles/modules__fw_att_control.dir/fw_pitch_controller.cpp.obj
[961/1188] Building CXX object src/modules/fw_att_control/CMakeFiles/modules__fw_att_control.dir/fw_roll_controller.cpp.obj
[962/1188] Building CXX object src/modules/commander/CMakeFiles/modules__commander.dir/mag_calibration.cpp.obj
[963/1188] Building CXX object src/modules/fw_att_control/CMakeFiles/modules__fw_att_control.dir/fw_yaw_controller.cpp.obj
[964/1188] Building CXX object src/modules/fw_att_control/CMakeFiles/modules__fw_att_control.dir/fw_wheel_controller.cpp.obj
[965/1188] Building CXX object src/modules/fw_mode_manager/CMakeFiles/modules__fw_mode_manager.dir/ControllerConfigurationHandler.cpp.obj
[966/1188] Linking CXX static library src/modules/fw_mode_manager/launchdetection/liblaunchdetection.a
[967/1188] Linking CXX static library src/modules/fw_mode_manager/runway_takeoff/librunway_takeoff.a
[968/1188] Building CXX object src/modules/control_allocator/CMakeFiles/modules__control_allocator.dir/ControlAllocator.cpp.obj
[969/1188] Building CXX object src/modules/flap_aug_shadow/CMakeFiles/modules__flap_aug_shadow.dir/flap_aug_shadow.cpp.obj
[970/1188] Building CXX object src/modules/gimbal/CMakeFiles/drivers__gimbal.dir/input.cpp.obj
[971/1188] Building CXX object src/modules/fw_att_control/CMakeFiles/modules__fw_att_control.dir/FixedwingAttitudeControl.cpp.obj
[972/1188] Building CXX object src/modules/commander/CMakeFiles/modules__commander.dir/Commander.cpp.obj
[973/1188] Building CXX object src/modules/fw_rate_control/CMakeFiles/modules__fw_rate_control.dir/FixedwingRateControl.cpp.obj
FAILED: [code=1] src/modules/fw_rate_control/CMakeFiles/modules__fw_rate_control.dir/FixedwingRateControl.cpp.obj 
/opt/homebrew/bin/ccache /opt/homebrew/bin/arm-none-eabi-g++ -DCONFIG_ARCH_BOARD_PX4_FMU_V6C -DMODULE_NAME=\"fw_rate_control\" -DPX4_MAIN=fw_rate_control_app_main -D_SYS_CDEFS_H_ -D_SYS_REENT_H_ -D__CUSTOM_FILE_IO__ -D__PX4_NUTTX -D__STDC_FORMAT_MACROS -I/Users/jiangjiashun/PX4/PX4-Autopilot-v6-fast-control-20260923/boards/px4/fmu-v6c/src -I/Users/jiangjiashun/PX4/PX4-Autopilot-v6-fast-control-20260923/platforms/nuttx/src/px4/common/include -I/Users/jiangjiashun/PX4/PX4-Autopilot-v6-fast-control-20260923/build/px4_fmu-v6c_default -I/Users/jiangjiashun/PX4/PX4-Autopilot-v6-fast-control-20260923/build/px4_fmu-v6c_default/src/lib -I/Users/jiangjiashun/PX4/PX4-Autopilot-v6-fast-control-20260923/platforms/nuttx/src/px4/stm/stm32h7/include -I/Users/jiangjiashun/PX4/PX4-Autopilot-v6-fast-control-20260923/platforms/common -I/Users/jiangjiashun/PX4/PX4-Autopilot-v6-fast-control-20260923/platforms/common/include -I/Users/jiangjiashun/PX4/PX4-Autopilot-v6-fast-control-20260923/src -I/Users/jiangjiashun/PX4/PX4-Autopilot-v6-fast-control-20260923/src/include -I/Users/jiangjiashun/PX4/PX4-Autopilot-v6-fast-control-20260923/src/lib -I/Users/jiangjiashun/PX4/PX4-Autopilot-v6-fast-control-20260923/src/lib/matrix -I/Users/jiangjiashun/PX4/PX4-Autopilot-v6-fast-control-20260923/src/modules -I/Users/jiangjiashun/PX4/PX4-Autopilot-v6-fast-control-20260923/platforms/nuttx/NuttX/nuttx/arch/arm/src/armv7-m -I/Users/jiangjiashun/PX4/PX4-Autopilot-v6-fast-control-20260923/platforms/nuttx/NuttX/nuttx/arch/arm/src/chip -I/Users/jiangjiashun/PX4/PX4-Autopilot-v6-fast-control-20260923/platforms/nuttx/NuttX/nuttx/arch/arm/src/common -I/Users/jiangjiashun/PX4/PX4-Autopilot-v6-fast-control-20260923/platforms/nuttx/NuttX/apps/include -I/Users/jiangjiashun/PX4/PX4-Autopilot-v6-fast-control-20260923/build/px4_fmu-v6c_default/external/Install/include -I/Users/jiangjiashun/PX4/PX4-Autopilot-v6-fast-control-20260923/src/lib/rate_control -I/Users/jiangjiashun/PX4/PX4-Autopilot-v6-fast-control-20260923/src/lib/slew_rate -isystem /Users/jiangjiashun/PX4/PX4-Autopilot-v6-fast-control-20260923/platforms/nuttx/NuttX/include/cxx -isystem /Users/jiangjiashun/PX4/PX4-Autopilot-v6-fast-control-20260923/platforms/nuttx/NuttX/nuttx/include/cxx -isystem /Users/jiangjiashun/PX4/PX4-Autopilot-v6-fast-control-20260923/platforms/nuttx/NuttX/nuttx/include -mcpu=cortex-m7 -mthumb -mfpu=fpv5-d16 -mfloat-abi=hard -Os -DNDEBUG -std=gnu++17 -g -fdata-sections -ffunction-sections -fomit-frame-pointer -fmerge-all-constants -fno-signed-zeros -fno-trapping-math -freciprocal-math -fno-math-errno -fno-strict-aliasing -fvisibility=hidden -include visibility.h -Wall -Wextra -Werror -Warray-bounds -Wcast-align -Wdisabled-optimization -Wdouble-promotion -Wfatal-errors -Wfloat-equal -Wformat-security -Winit-self -Wlogical-op -Wpointer-arith -Wshadow -Wuninitialized -Wunknown-pragmas -Wunused-variable -Wno-missing-field-initializers -Wno-missing-include-dirs -Wno-unused-parameter -fdiagnostics-color=always -Wno-stringop-truncation -fno-builtin-printf -fno-strength-reduce -Wformat=1 -Wunused-but-set-variable -Wno-format-truncation -fcheck-new -Wreorder -Wno-overloaded-virtual -fno-rtti -fno-exceptions -fno-sized-deallocation -fno-threadsafe-statics -nostdinc++ -Wframe-larger-than=2048 -MD -MT src/modules/fw_rate_control/CMakeFiles/modules__fw_rate_control.dir/FixedwingRateControl.cpp.obj -MF src/modules/fw_rate_control/CMakeFiles/modules__fw_rate_control.dir/FixedwingRateControl.cpp.obj.d -o src/modules/fw_rate_control/CMakeFiles/modules__fw_rate_control.dir/FixedwingRateControl.cpp.obj -c /Users/jiangjiashun/PX4/PX4-Autopilot-v6-fast-control-20260923/src/modules/fw_rate_control/FixedwingRateControl.cpp
In file included from /Users/jiangjiashun/PX4/PX4-Autopilot-v6-fast-control-20260923/src/modules/fw_rate_control/FixedwingRateControl.hpp:80,
                 from /Users/jiangjiashun/PX4/PX4-Autopilot-v6-fast-control-20260923/src/modules/fw_rate_control/FixedwingRateControl.cpp:34:
/Users/jiangjiashun/PX4/PX4-Autopilot-v6-fast-control-20260923/src/modules/fw_rate_control/FastControl.hpp:5:10: fatal error: algorithm: No such file or directory
    5 | #include <algorithm>
      |          ^~~~~~~~~~~
compilation terminated.
[974/1188] Building CXX object src/modules/gimbal/CMakeFiles/drivers__gimbal.dir/input_test.cpp.obj
[975/1188] Building CXX object src/modules/gimbal/CMakeFiles/drivers__gimbal.dir/input_rc.cpp.obj
[976/1188] Building CXX object src/modules/gimbal/CMakeFiles/drivers__gimbal.dir/output.cpp.obj
[977/1188] Building CXX object src/modules/gimbal/CMakeFiles/drivers__gimbal.dir/input_mavlink.cpp.obj
[978/1188] Building CXX object src/modules/fw_lateral_longitudinal_control/CMakeFiles/modules__fw_lateral_longitudinal_control.dir/FwLateralLongitudinalControl.cpp.obj
[979/1188] Building CXX object src/modules/fw_autotune_attitude_control/CMakeFiles/fw_autotune_attitude_control.dir/fw_autotune_attitude_control.cpp.obj
[980/1188] Building CXX object src/modules/fw_mode_manager/CMakeFiles/modules__fw_mode_manager.dir/FixedWingModeManager.cpp.obj
[981/1188] Building CXX object src/drivers/uavcan/CMakeFiles/drivers__uavcan.dir/uavcan_main.cpp.obj
[982/1188] Building CXX object src/modules/ekf2/CMakeFiles/modules__ekf2.dir/modules__ekf2_unity.cpp.obj
ninja: build stopped: subcommand failed.
make: *** [px4_fmu-v6c_default] Error 1
